price,area_marla,city,bedrooms,bathrooms,location,property_type,built_year,parking_spaces,servant_quarters,store_rooms,kitchens,drawing_rooms,listing_url
77000000,20.0,Islamabad,8,6,"DHA Defence Phase 2, DHA Defence",House,2016,8,3,4,5,1,https://www.zameen.com/Property/dha_defence_dha_defence_phase_2_20_marla_corner_double_unit_house_for_sale_in_dha_phase_2_in_investor_price_dha_phase_2_islamabad-54249584-339-1.html
32000000,7.0,Islamabad,4,6,"Bahria Enclave - Sector N, Bahria Enclave",House,2024,1,1,1,2,1,https://www.zameen.com/Property/bahria_enclave_bahria_enclave_-_sector_n_sector_n_5_marla_brand_new_corner_house_with_2_marla_extraland_excellent_construction_quality_sun_facing_house_available_for_sale-54185105-11975-1.html
63500000,10.0,Islamabad,6,6,"Top City 1, Islamabad",House,2026,2,1,1,2,1,https://www.zameen.com/Property/islamabad_top_city_1_corner_10_marla_semi_furnished_house_for_sale-54225061-1383-1.html
295000000,20.0,Islamabad,4,5,"F-7, Islamabad",House,,,,,,1,https://www.zameen.com/Property/islamabad_f-7_50x90_prime_location_old_house_is_available_for_sale-54000891-165-1.html
580000000,26.0,Islamabad,6,7,"F-7, Islamabad",House,,,2,,3,1,https://www.zameen.com/Property/islamabad_f-7_offer_offer_6_months_time_modern_brand-new_house_is_for_sale-53604121-165-1.html
109000000,20.0,Islamabad,6,6,"DHA Defence Phase 2, DHA Defence",House,2025,3,2,2,2,1,https://www.zameen.com/Property/dha_defence_dha_defence_phase_2_1_kanal_practical_house_for_sale_in_dha_phase_2_islamabad-54221363-339-1.html
38500000,9.3,Islamabad,4,5,"Margalla View Housing Society, D-17",House,,,,,,,https://www.zameen.com/Property/d_17_margalla_view_housing_society_a_spacious_2100_square_feet_house_in_margalla_view_housing_society-54248090-3160-1.html
29500000,5.0,Islamabad,4,4,"Faisal Town Phase 1 - Block C, Faisal Town Phase 1",House,,,,,,1,https://www.zameen.com/Property/faisal_town_phase_1_faisal_town_phase_1_-_block_c_house_is_available_for_sale-54248134-16418-1.html
25000000,5.0,Islamabad,4,4,"Canary Residency, Faisal Hills",House,,,1,,1,1,https://www.zameen.com/Property/faisal_hills_canary_residency_luxury_furnished_corner_villa_for_sale_in_faisal_hills_canary_villas-54242135-18223-1.html
21000000,5.0,Islamabad,4,4,"Canary Residency, Faisal Hills",House,,,,,1,1,https://www.zameen.com/Property/faisal_hills_canary_residency_canary_villas_non_corner_5_marla_luxury_villa_in_faisal_hills-54242134-18223-1.html
77000000,24.0,Islamabad,8,6,"DHA Defence Phase 2, DHA Defence",House,2016,8,1,1,5,,https://www.zameen.com/Property/dha_defence_dha_defence_phase_2_23_marla_corner_double_unit_house_for_sale_in_dha_phase_2_dha_phase_2_islamabad_7_70_crores_demand_8_bedroom_with_attached-54212773-339-1.html
64500000,10.0,Islamabad,7,7,"Bahria Enclave - Sector F1, Bahria Enclave",House,,3,1,1,3,1,https://www.zameen.com/Property/bahria_enclave_bahria_enclave_-_sector_f1_sector_f1_10_marla_brand_new_semi_corner_house_with_basement_back_open_excellent_construction_quality_sun_facing_house_available_for_sale-54041249-11986-1.html
65000000,12.0,Islamabad,5,6,"DHA Defence Phase 1, DHA Defence",House,2024,3,1,1,3,1,https://www.zameen.com/Property/dha_defence_dha_defence_phase_1_owner_build_12_marla_house_for_sale_at_ideal_location-54219493-376-1.html
280000000,40.0,Islamabad,6,6,"DHA Defence Phase 2, DHA Defence",House,2026,4,2,1,3,1,https://www.zameen.com/Property/dha_defence_dha_defence_phase_2_an_exclusive_2_kanal_fully_furnished_modern_house_will_be_available_for_sale_within_this_month-54225791-339-1.html
40000000,8.0,Islamabad,4,6,"MPCHS - Block E, MPCHS - Multi Gardens",House,,,2,,2,2,https://www.zameen.com/Property/mpchs_multi_gardens_mpchs_-_block_e_8_marla_30_60_in_block_e_brand_new_house_for_sale_in_mpchs_multi_gardens_b-17_islamabad-54248092-3120-1.html
96000000,10.0,Islamabad,7,7,"G-13, Islamabad",House,2026,3,1,2,3,1,https://www.zameen.com/Property/islamabad_g-13_10_marla_top_location_corner_luxury_house_for_sale_in_g-13_islamabad-54173885-330-1.html
120000000,24.0,Islamabad,10,6,"MPCHS - Block B, MPCHS - Multi Gardens",House,,,,,,1,https://www.zameen.com/Property/mpchs_multi_gardens_mpchs_-_block_b_perfect_corner_5400_square_feet_house_in_mpchs_-_block_b_for_sale-53899567-3117-1.html
109000000,20.0,Islamabad,5,6,"DHA Defence Phase 2, DHA Defence",House,2025,3,2,2,2,1,https://www.zameen.com/Property/dha_defence_dha_defence_phase_2_1_kanal_ultra_luxurious_designer_south_face_house_for_sale-53041859-339-1.html
72500000,10.0,Islamabad,5,6,"DHA Defence Phase 2, DHA Defence",House,2026,2,2,2,2,1,https://www.zameen.com/Property/dha_defence_dha_defence_phase_2_10_marla_brand_new_solid_constructed_house_for_sale_with_front_open-52686163-339-1.html
105000000,20.0,Islamabad,6,6,"DHA Defence Phase 2, DHA Defence",House,2024,3,2,2,2,1,https://www.zameen.com/Property/dha_defence_dha_defence_phase_2_1_kanal_owner_built_slightly_used_double_unit_house_for_sale-52404124-339-1.html
115000000,20.0,Islamabad,5,6,"DHA Defence Phase 2, DHA Defence",House,2025,3,2,1,2,1,https://www.zameen.com/Property/dha_defence_dha_defence_phase_2_one_and_only_park_face_house_available_for_sale_fully_furnished_with_luxurious_designed-52411824-339-1.html
145000000,20.0,Islamabad,5,6,"DHA Defence Phase 2, DHA Defence",House,2026,3,1,1,2,1,https://www.zameen.com/Property/dha_defence_dha_defence_phase_2_modern_house_available_for_sale_at_prime_location-54225860-339-1.html
180000000,30.0,Islamabad,9,7,"G-14, Islamabad",House,2015,5,1,2,1,2,https://www.zameen.com/Property/islamabad_g-14_60_100_1_5_kanal_brand_new_royal_house_for_sale_in_g-14_islamabad-54054169-454-1.html
128000000,14.0,Islamabad,7,7,"G-13, Islamabad",House,2000,2,1,2,3,1,https://www.zameen.com/Property/islamabad_g-13_40_80_14_marla_brandnew_premium_designer_house_available_in_g-13_islamabad-54054212-330-1.html
117500000,14.0,Islamabad,7,7,"G-13, Islamabad",House,,,,,,3,https://www.zameen.com/Property/islamabad_g-13_40_80_14_marla_corner_top_location_house_for_sale_in_g-13_islamabad-54126021-330-1.html
385000000,17.8,Islamabad,7,7,"F-6, Islamabad",House,2025,,,2,,1,https://www.zameen.com/Property/islamabad_f-6_elegant_house_is_for_sale_in_f-6-53318282-164-1.html
129900000,14.2,Islamabad,7,7,"G-13/1, G-13",House,,,,,,,https://www.zameen.com/Property/g_13_g-13_1_the_most_elegant_designer_4080_house_of_g13_with_solar_on_70ft_road-53949517-3337-1.html
140000000,20.0,Islamabad,5,6,"DHA Defence Phase 2, DHA Defence",House,2019,,2,1,3,1,https://www.zameen.com/Property/dha_defence_dha_defence_phase_2_1_kanal_luxury_house_for_sale_in_dha_phase_2_islamabad-53583485-339-1.html
450000000,50.0,Islamabad,7,6,"F-7, Islamabad",House,2023,4,2,1,2,1,https://www.zameen.com/Property/islamabad_f-7_luxurious_7-bedroom_house_for_sale_on_prime_location-49610450-165-1.html
460000000,40.0,Islamabad,6,6,"F-7, Islamabad",House,,4,1,1,2,1,https://www.zameen.com/Property/islamabad_f-7_luxurious_6_bedroom_house_for_sale_in_prime_location-49981663-165-1.html
135000000,14.2,Islamabad,9,7,"G-11, Islamabad",House,2016,5,1,1,3,1,https://www.zameen.com/Property/islamabad_g-11_luxury_triple_story_house_40x80_for_sale_in_g-11_2_islamabad-54249820-168-1.html
31000000,8.0,Islamabad,4,6,"B-17, Islamabad",House,,2,,,2,1,https://www.zameen.com/Property/islamabad_b-17_double_storey_8_marla_house_available_in_b-17_for_sale-54183264-616-1.html
32000000,6.0,Islamabad,5,6,"I-14/1, I-14",House,2023,1,,,,,https://www.zameen.com/Property/i_14_i-14_1_corner_house_25x60_in_i-14_1_near_from_park_and_main_road-54249739-8340-1.html
26200000,5.0,Islamabad,3,4,"Bahria Enclave - Sector I, Bahria Enclave",House,2026,4,1,,2,1,https://www.zameen.com/Property/bahria_enclave_bahria_enclave_-_sector_i_5_marla_house_for_sale-54249660-11982-1.html
36000000,10.0,Islamabad,5,7,"D-17, Islamabad",House,2025,,,,2,1,https://www.zameen.com/Property/islamabad_d-17_10_marla_brand_new_double_storey_house_available_for_sale-54186482-737-1.html
140000000,20.0,Islamabad,5,6,"DHA Phase 2 - Sector B, DHA Defence Phase 2",House,2025,,2,1,1,1,https://www.zameen.com/Property/dha_defence_phase_2_dha_phase_2_-_sector_b_brand_new_1_kanal_house_for_sale_in_dha_phase_2_islamabad-53886777-3197-1.html
450000000,22.0,Islamabad,5,6,"F-7, Islamabad",House,,,,,,1,https://www.zameen.com/Property/islamabad_f-7_brand_new_beautiful_house_with_swimming_pool_is_for_sale_in_f-7-53948442-165-1.html
21500000,5.0,Islamabad,3,4,"MPCHS - Block F, MPCHS - Multi Gardens",House,,,,,,1,https://www.zameen.com/Property/mpchs_multi_gardens_mpchs_-_block_f_mpchs_-_block_f_house_sized_5_marla_is_available-54112608-8527-1.html
42500000,4.0,Islamabad,4,5,"G-13/1, G-13",House,,,,,2,1,https://www.zameen.com/Property/g_13_g-13_1_04_marla_proper_corner_house_for_sale_in_st_111_g--3_1_islamabad-54095330-3337-1.html
190000000,20.0,Islamabad,9,7,"G-11/3, G-11",House,2017,10,3,3,3,1,https://www.zameen.com/Property/g_11_g-11_3_sun_facing_triple_storey_house_available_for_sale_g-11_3_islamabad-50260790-3332-1.html
28000000,5.0,Islamabad,0,0,"MPCHS - Block C1, MPCHS - Multi Gardens",House,,,,,,,https://www.zameen.com/Property/mpchs_multi_gardens_mpchs_-_block_c1_a_house_at_affordable_price_awaits_you-53813102-12607-1.html
77500000,14.0,Islamabad,5,6,"MPCHS - Block B, MPCHS - Multi Gardens",House,2025,1,1,1,1,1,https://www.zameen.com/Property/mpchs_multi_gardens_mpchs_-_block_b_this_is_your_chance_to_buy_house_in_mpchs_-_block_b-52871455-3117-1.html
85000000,10.0,Islamabad,8,7,"G-13, Islamabad",House,2021,1,1,,1,1,https://www.zameen.com/Property/islamabad_g-13_10_marla_brandnew_house_for_sale_in_g-13_islamabad-54121631-330-1.html
56500000,5.0,Islamabad,5,5,"G-14/4, G-14",House,2026,,1,1,2,1,https://www.zameen.com/Property/g_14_g-14_4_5_marla_brand_new_modern_house_for_sale_in_g-14_4_islamabad-54113536-3346-1.html
120000000,24.0,Islamabad,10,6,"MPCHS - Block B, MPCHS - Multi Gardens",House,,,,,,,https://www.zameen.com/Property/mpchs_multi_gardens_mpchs_-_block_b_a_house_of_5400_square_feet_in_islamabad-53814966-3117-1.html
80000000,20.0,Islamabad,4,5,"DHA Phase 2 - Sector C, DHA Defence Phase 2",House,,,,,,,https://www.zameen.com/Property/dha_defence_phase_2_dha_phase_2_-_sector_c_singal_story_house_available_for_sale-54018306-3198-1.html
122000000,24.0,Islamabad,5,6,"DHA Phase 1 - Sector E, DHA Defence Phase 1",House,2025,4,12,1,2,1,https://www.zameen.com/Property/dha_defence_phase_1_dha_phase_1_-_sector_e_dha_phase_1_secter_e-54188047-3193-1.html
220000000,40.0,Islamabad,6,6,"DHA Defence Phase 1, DHA Defence",House,2025,6,2,2,2,1,https://www.zameen.com/Property/dha_defence_dha_defence_phase_1_dhai_phase_1_c_orchad-54188094-376-1.html
150000000,20.0,Islamabad,5,6,"DHA Phase 2 - Sector D, DHA Defence Phase 2",House,2025,4,1,1,2,1,https://www.zameen.com/Property/dha_defence_phase_2_dha_phase_2_-_sector_d_dha_phase_2_secter_d-54188133-3199-1.html
480000000,26.0,Islamabad,6,6,"F-7, Islamabad",House,2025,5,2,2,3,1,https://www.zameen.com/Property/islamabad_f-7_brand_new_house_available_for_sale_in_f7-52498240-165-1.html
800000000,80.0,Islamabad,10,0,"F-7/3, F-7",House,2025,1,1,,1,1,https://www.zameen.com/Property/f_7_f-7_3_investor_price_house_available_for_sale_f7-52573056-3309-1.html
400000000,20.0,Islamabad,9,0,"F-8, Islamabad",House,2025,5,2,2,2,1,https://www.zameen.com/Property/islamabad_f-8_brand_new_house_available_for_sale-53153128-166-1.html
220000000,20.0,Islamabad,5,5,"F-8, Islamabad",House,2024,1,1,1,1,1,https://www.zameen.com/Property/islamabad_f-8_demolishable_house_available_for_sale-50149107-166-1.html
300000000,40.0,Islamabad,10,0,"F-8, Islamabad",House,2024,5,2,1,3,1,https://www.zameen.com/Property/islamabad_f-8_magnificent_10-bed_residence_in_prime_f-8_location_-_cda_transfer-49706464-166-1.html
110000000,20.0,Islamabad,10,6,"Top City 1 - Block B, Top City 1",House,2026,3,1,2,3,1,https://www.zameen.com/Property/top_city_1_top_city_1_-_block_b_one_kanal_brand_new_house_with_full_basement-54128610-9230-1.html
42000000,8.0,Islamabad,5,5,"Faisal Town Phase 1 - Block A, Faisal Town Phase 1",House,,,1,1,2,1,https://www.zameen.com/Property/faisal_town_phase_1_faisal_town_phase_1_-_block_a_1800_square_feet_house_is_available_for_sale-54174504-16416-1.html
40000000,8.0,Islamabad,5,5,"Faisal Town Phase 1 - Block A, Faisal Town Phase 1",House,,,,1,2,1,https://www.zameen.com/Property/faisal_town_phase_1_faisal_town_phase_1_-_block_a_buy_your_ideal_1800_square_feet_house_in_a_prime_location_of_islamabad-54174506-16416-1.html
67500000,12.0,Islamabad,6,6,"Jinnah Gardens Phase 1, Jinnah Gardens",House,,,,,2,1,https://www.zameen.com/Property/jinnah_gardens_jinnah_gardens_phase_1_prime_location_jinnah_gardens_phase_1_house_sized_12_marla_is_available-54140569-1421-1.html
67000000,12.0,Islamabad,6,6,"Jinnah Gardens Phase 1, Jinnah Gardens",House,,1,1,,2,1,https://www.zameen.com/Property/jinnah_gardens_jinnah_gardens_phase_1_in_islamabad_you_can_find_the_perfect_prime_location_house_for_sale-54140571-1421-1.html
465000000,40.0,Islamabad,6,6,"F-6/3, F-6",House,,,,,,1,https://www.zameen.com/Property/f_6_f-6_3_f-6_3_investor_rate_old_livable_house_is_for_sale-53418562-3301-1.html
54000000,10.0,Islamabad,5,6,"Zaraj Housing Scheme, Islamabad",House,2025,,,,2,1,https://www.zameen.com/Property/islamabad_zaraj_housing_scheme_brand_new_10_marla_house_sec_c_in_zaraj_housing_society_islamabad_modern_design_prime_location_and_luxury_living-53879264-3508-1.html
15000000,5.0,Islamabad,3,4,"Bani Gala, Islamabad",House,2026,5,3,,,,https://www.zameen.com/Property/islamabad_bani_gala_zam_zam_real_estate_offer_house-54188068-340-1.html
18500000,5.0,Islamabad,8,6,"Chatha Bakhtawar, Islamabad",House,,,,,2,,https://www.zameen.com/Property/islamabad_chatha_bakhtawar_5_marla_triple_storry_house_for_sale-54226303-3153-1.html
175000000,20.0,Islamabad,5,6,"F-10/1, F-10",House,1999,4,2,1,2,1,https://www.zameen.com/Property/f_10_f-10_1_f-10_1_house_for_sale_size_511_square_yard_margalla_face_buck_open-54060506-3276-1.html
350000000,46.0,Islamabad,6,6,"F-10/1, F-10",House,2010,12,4,2,4,1,https://www.zameen.com/Property/f_10_f-10_1_f-10_1_square_yard_proper_duplex_house_in_close_end_street_f-10_1-45965626-3276-1.html
200000000,20.0,Islamabad,5,6,"F-11/4, F-11",House,2010,5,2,1,2,1,https://www.zameen.com/Property/f_11_f-11_4_f-11_4_dead_end_street_storey_house_for_sale-52016355-3285-1.html
260000000,54.0,Islamabad,7,6,"DHA Phase 1 - Sector F, DHA Defence Phase 1",House,2025,5,2,2,2,1,https://www.zameen.com/Property/dha_defence_phase_1_dha_phase_1_-_sector_f_dhai_phase_1_secter_f_house_for_sale-54190910-8226-1.html
120000000,20.0,Islamabad,6,7,"DHA Defence Phase 2, DHA Defence",House,2026,,,,,,https://www.zameen.com/Property/dha_defence_dha_defence_phase_2_1_kanal_corner_house_available_for_sale_at_dha_2-54105181-339-1.html
500000000,40.0,Islamabad,8,6,"F-7, Islamabad",House,2010,,2,2,2,1,https://www.zameen.com/Property/islamabad_f-7_beautiful_house_available_for_sale-54127583-165-1.html
60000000,10.0,Islamabad,5,6,"DHA Phase 5 - Sector D, DHA Defence Phase 5",House,2026,3,1,1,2,1,https://www.zameen.com/Property/dha_defence_phase_5_dha_phase_5_-_sector_d_10_marla_luxury_modern_house_for_sale_in_dha_phase_5_5_bedrooms_double_kitchen_servant_quarter-54240411-8403-1.html
41500000,5.0,Islamabad,3,4,"DHA Phase 5 - Sector F, DHA Defence Phase 5",House,2026,2,1,1,2,1,https://www.zameen.com/Property/dha_defence_phase_5_dha_phase_5_-_sector_f_designer_built_5_marla_brand_new_house_for_sale_in_dha_phase_5_-_sector_f_islamabad-54240587-8836-1.html
102500000,20.0,Islamabad,5,6,"DHA Defence Phase 2, DHA Defence",House,2026,3,2,2,2,1,https://www.zameen.com/Property/dha_defence_dha_defence_phase_2_1_kanal_beautiful_house_for_sale_in_dha_phase_2_islamabad-54147717-339-1.html
112500000,20.0,Islamabad,5,6,"DHA Defence Phase 2, DHA Defence",House,2026,3,2,2,2,1,https://www.zameen.com/Property/dha_defence_dha_defence_phase_2_brand_new_designer_single_unit_5_bed_prime_location_mansion-54108880-339-1.html
115000000,20.0,Islamabad,5,6,"DHA Defence Phase 2, DHA Defence",House,2026,3,,2,2,1,https://www.zameen.com/Property/dha_defence_dha_defence_phase_2_1_kanal_beautiful_house_for_sale_in_dha_phase_2_islamabad-54152159-339-1.html
260000000,26.0,Islamabad,6,6,"F-8, Islamabad",House,2023,,1,1,2,1,https://www.zameen.com/Property/islamabad_f-8_house_for_sale_with_extra_land-49330955-166-1.html
650000000,80.0,Islamabad,8,6,"F-8, Islamabad",House,2016,,1,2,2,1,https://www.zameen.com/Property/islamabad_f-8_luxurious_mansion_for_sale_in_f-8_sector_-_prime_location_exclusive_features-49610246-166-1.html
52500000,6.0,Islamabad,4,4,"I-10/2, I-10",House,2020,2,,,1,2,https://www.zameen.com/Property/i_10_i-10_2_i_10_2_new_house_25x60_for_sale_real_pics_attached-54201625-3421-1.html
27500000,5.0,Islamabad,3,4,"Bahria Enclave, Bahria Town",House,2024,1,1,1,1,1,https://www.zameen.com/Property/bahria_town_bahria_enclave_house_in_bahria_enclave_for_sale-48266498-1705-1.html
138500000,20.0,Islamabad,5,5,"DHA Defence Phase 2, DHA Defence",House,2026,3,,,2,1,https://www.zameen.com/Property/dha_defence_dha_defence_phase_2_dha_phase_2_one_kanal_house-54221194-339-1.html
55000000,10.0,Islamabad,6,6,"Jinnah Gardens Phase 1, Jinnah Gardens",House,,,,,2,1,https://www.zameen.com/Property/jinnah_gardens_jinnah_gardens_phase_1_spacious_prime_location_house_is_available_for_sale_in_ideal_location_of_jinnah_gardens_phase_1-54140570-1421-1.html
28500000,5.0,Islamabad,4,5,"Jinnah Gardens Phase 1, Jinnah Gardens",House,2022,,,,,2,https://www.zameen.com/Property/jinnah_gardens_jinnah_gardens_phase_1_house_for_sale-54158179-1421-1.html
62500000,10.0,Islamabad,6,6,"Top City 1, Islamabad",House,2026,2,1,1,,1,https://www.zameen.com/Property/islamabad_top_city_1_double_road_corner_brand_new_designer_luxurious_house_available-54106109-1383-1.html
47500000,10.0,Islamabad,5,6,"Top City 1 - Block D, Top City 1",House,2025,1,1,,1,1,https://www.zameen.com/Property/top_city_1_top_city_1_-_block_d_house_of_10_marla_for_sale_in_top_city_1_-_block_d-53539037-9233-1.html
37500000,4.0,Islamabad,5,6,"G-13, Islamabad",House,2026,,1,,2,1,https://www.zameen.com/Property/islamabad_g-13_corner_25x40_house_g-13_islamabad-54158101-330-1.html
56900000,5.0,Islamabad,5,5,"G-14/4, G-14",House,2025,1,,,3,1,https://www.zameen.com/Property/g_14_g-14_4_brand_new_5_marla_70ft_house_for_sale-54007173-3346-1.html
125000000,40.0,Islamabad,5,7,"DHA Defence Phase 2, DHA Defence",House,2025,3,1,1,1,1,https://www.zameen.com/Property/dha_defence_dha_defence_phase_2_investor_s_choice_2_kanal_modern_house_near_giga_mall-54238552-339-1.html
26000000,5.0,Islamabad,4,5,"Park View City - Overseas Block, Park View City",House,2026,1,,,2,1,https://www.zameen.com/Property/park_view_city_park_view_city_-_overseas_block_5_marla_house_for_sale_in_islamabad-54187013-19666-1.html
62500000,10.0,Islamabad,6,7,"MPCHS - Block C, MPCHS - Multi Gardens",House,,,,,,1,https://www.zameen.com/Property/mpchs_multi_gardens_mpchs_-_block_c_modern_designer_house_in_multi_gardens_b-17_islamabad-54203759-3118-1.html
38500000,4.0,Islamabad,4,2,"F-10/3, F-10",House,2025,,1,1,4,1,https://www.zameen.com/Property/f_10_f-10_3_triple_storey_new_house_f10_2040_investor_rate_sale_vip-53745269-3278-1.html
53000000,10.0,Islamabad,5,6,"Top City 1 - Block A, Top City 1",House,2017,1,1,,2,1,https://www.zameen.com/Property/top_city_1_top_city_1_-_block_a_brand_new_designer_house_available_for_sale-54092187-9231-1.html
184300000,20.0,Islamabad,7,7,"F-11/3, F-11",House,,,,1,2,1,https://www.zameen.com/Property/f_11_f-11_3_1_kanal_triple-storey_house_for_sale_in_f-11_3_islamabad_7_bed_prime_rental_income-52779829-3284-1.html
85000000,20.0,Islamabad,6,6,"DHA Defence Phase 2, DHA Defence",House,2026,3,2,2,2,1,https://www.zameen.com/Property/dha_defence_dha_defence_phase_2_brand_new_double_unit_designer_6_bed_house_at_prime_location-54108915-339-1.html
100000000,20.0,Islamabad,5,6,"DHA Defence Phase 2, DHA Defence",House,2026,1,1,1,2,1,https://www.zameen.com/Property/dha_defence_dha_defence_phase_2_1_kanal_designer_house_for_sale_in_dha_phase_2_islamabad-54120587-339-1.html
52500000,10.0,Islamabad,5,6,"Top City 1 - Block D, Top City 1",House,2026,2,,1,1,1,https://www.zameen.com/Property/top_city_1_top_city_1_-_block_d_10_marla_brand_new_house_for_sale_in_d_block_top_city1_islamabad-54069442-9233-1.html
87000000,20.0,Islamabad,7,7,"DHA Defence Phase 2, DHA Defence",House,2026,3,2,2,2,1,https://www.zameen.com/Property/dha_defence_dha_defence_phase_2_1_kanal_beautiful_house_for_sale_in_dha_phase_2_islamabad-54162412-339-1.html
70000000,8.0,Islamabad,4,5,"G-10/1, G-10",House,,,,,,,https://www.zameen.com/Property/g_10_g-10_1_g10_1_corner_house_fully_renovated_30_60_near_park-54024617-3324-1.html
350000000,26.0,Islamabad,0,0,"F-6/3, F-6",House,,,,,,,https://www.zameen.com/Property/f_6_f-6_3_f6_3_liveable_house_available_size_633_sy_with_5_bed-54154202-3301-1.html
21500000,5.0,Islamabad,4,4,"B-17, Islamabad",House,2025,1,1,1,1,2,https://www.zameen.com/Property/islamabad_b-17_5_marla_brand_new_house_available_for_sale_in_b17_islamabad_block_f-53094968-616-1.html
18900000,5.0,Islamabad,4,4,"B-17, Islamabad",House,2024,,,,1,1,https://www.zameen.com/Property/islamabad_b-17_5_marla_brand_new_house_available_for_sale_in_b17_islamabad_block_f-53094994-616-1.html
38000000,10.0,Islamabad,5,6,"Top City 1, Islamabad",House,2024,,,,1,1,https://www.zameen.com/Property/islamabad_top_city_1_10_marla_house_for_sale_in_beautiful_top_city_1-52231427-1383-1.html
158000000,20.0,Islamabad,5,6,"DHA Defence Phase 2, DHA Defence",House,2026,4,,2,2,1,https://www.zameen.com/Property/dha_defence_dha_defence_phase_2_luxurious_1_kanal_pool_house_for_sale-53935354-339-1.html
105000000,20.0,Islamabad,6,6,"MPCHS - Block C, MPCHS - Multi Gardens",House,,3,,,2,1,https://www.zameen.com/Property/mpchs_multi_gardens_mpchs_-_block_c_1_kanal_50x90_ultra_luxury_designer_corner_house_for_sale_in_block_c_mpchs_multi_garden_b-17_islamabad-54194131-3118-1.html
78000000,10.0,Islamabad,5,6,"DHA Defence Phase 5, DHA Defence",House,2026,2,1,2,2,1,https://www.zameen.com/Property/dha_defence_dha_defence_phase_5_designer_10_marla_house_for_sale_dha_phase_5_islamabad-53792126-10991-1.html
222500000,20.0,Islamabad,5,6,"F-8, Islamabad",House,,,,,,,https://www.zameen.com/Property/islamabad_f-8_investor_rate_50x90_house_in_prime_f-8-53612568-166-1.html
55000000,6.0,Islamabad,4,5,"E-11/4, E-11",House,2024,1,1,,2,1,https://www.zameen.com/Property/e_11_e-11_4_on_excellent_location_house_for_sale-54135802-3241-1.html
69500000,10.0,Islamabad,0,0,"Rahman Enclave, Lehtrar Road",House,,2,1,1,3,1,https://www.zameen.com/Property/lehtrar_road_rahman_enclave_elegant_cda_approved_10_marla_triple_story_luxury_house_for_sale_in_islamabad_rehman_enclave-54079022-17143-1.html
24000000,5.0,Islamabad,3,3,"Bahria Enclave - Sector H, Bahria Enclave",House,,,1,1,2,1,https://www.zameen.com/Property/bahria_enclave_bahria_enclave_-_sector_h_house_of_5_marla_is_available_for_sale-54207683-11983-1.html
42500000,8.0,Islamabad,5,6,"PHAF Officers Residencia, Kuri Road",House,2015,1,1,1,2,1,https://www.zameen.com/Property/kuri_road_phaf_officers_residencia_pha_officer_residencia_kuri_road_islamabad_brand_new_house-52793657-13099-1.html
55000000,16.0,Islamabad,6,7,"Bani Gala, Islamabad",House,2025,2,1,2,2,1,https://www.zameen.com/Property/islamabad_bani_gala_16_marla_house_with_solar_installed_in_bani_gala-54127626-340-1.html
144500000,20.0,Islamabad,6,6,"DHA Defence Phase 2, DHA Defence",House,2024,5,2,,2,1,https://www.zameen.com/Property/dha_defence_dha_defence_phase_2_luxurious_1_kanal_dream_home_with_private_pool_in_dha_2_prime_location_near_mcdonalds-51321594-339-1.html
650000000,42.0,Islamabad,8,4,"E-7, Islamabad",House,2025,5,2,2,2,1,https://www.zameen.com/Property/islamabad_e-7_gomal_road_house_available_for_sale_on_investor_price-50325893-343-1.html
95000000,20.0,Islamabad,6,7,"DHA Defence Phase 1, DHA Defence",House,2022,,,1,2,1,https://www.zameen.com/Property/dha_defence_dha_defence_phase_1_luxury_1_kanal_brand_new_house_in_dha_1_sector_a_dual_units_6_bed_a_finish-52784974-376-1.html
63700000,15.5,Islamabad,5,5,"Eighteen, Kashmir Highway",House,,2,,,,1,https://www.zameen.com/Property/kashmir_highway_eighteen_half_kanal_villa_eighteen_islamabad_luxury_living_redefined-53335563-12602-1.html
35000000,10.0,Islamabad,4,4,"D-12, Islamabad",House,,,,1,2,1,https://www.zameen.com/Property/islamabad_d-12_luxury_4-bed_villa_for_sale_in_karsaaz_villas_d-12_islamabad_scenic_margalla_hills_view_gated_community-52842099-160-1.html
70000000,18.0,Islamabad,5,6,"Bani Gala, Islamabad",House,2025,,,,,1,https://www.zameen.com/Property/islamabad_bani_gala_solar_installed_luxury_18_marla_corner_house_for_sale_in_bani_gala_islamabad_near_imran_khan_chowk-54054958-340-1.html
130000000,22.0,Islamabad,6,6,"DHA Phase 2 - Sector B, DHA Defence Phase 2",House,,,,,,1,https://www.zameen.com/Property/dha_defence_phase_2_dha_phase_2_-_sector_b_triple_unit_luxury_brand_new_22-marla_triple_story_mansion_sector_b_dha_2-53549663-3197-1.html
220000000,26.0,Islamabad,6,6,"F-11/1, F-11",House,2005,,2,2,2,1,https://www.zameen.com/Property/f_11_f-11_1_666_square_yards_fully_renovated_double_unit_house_available_for_sale-50813841-3282-1.html
500000000,42.0,Islamabad,6,7,"F-7, Islamabad",House,,,,,,1,https://www.zameen.com/Property/islamabad_f-7_investor_alert_f7_1066_syd_beautiful_liveable_double_unit_house_6bedroom_2d_d_2_tvl_2_kitchen_with_sqtr_front_lawn_huge_parking_near_to_markaz_and_park_prime_location-54197974-165-1.html
1400000000,96.0,Islamabad,5,6,"F-6, Islamabad",House,,,,,,1,https://www.zameen.com/Property/islamabad_f-6_f6_2400_syd_old_liveable_house_margalla_facing_2_side_street_with_big_front_best_location_near_to_margalla_road_5bed_drawing_and_dianing_tv_lounge_kitchen_with_servant_quarter-54132531-164-1.html
24000000,5.0,Islamabad,3,4,"Bahria Enclave - Sector H, Bahria Enclave",House,,1,1,,1,1,https://www.zameen.com/Property/bahria_enclave_bahria_enclave_-_sector_h_bahria_enclave_islamabad_sector_h_5_marla_house_for_sale-54230809-11983-1.html
57000000,10.0,Islamabad,5,6,"Bahria Enclave - Sector C2, Bahria Enclave",House,2026,2,1,,2,1,https://www.zameen.com/Property/bahria_enclave_bahria_enclave_-_sector_c2_bahria_enclave_islamabad_sector_c2_10_marla_brand_new_house_for_sale-54174901-11988-1.html
97500000,14.2,Islamabad,3,3,"I-8, Islamabad",House,,,,1,,1,https://www.zameen.com/Property/islamabad_i-8_a_graceful_40x80_house_is_available_for_sale-43866800-174-1.html
200000000,17.8,Islamabad,4,4,"F-6/1, F-6",House,2023,3,1,1,1,1,https://www.zameen.com/Property/f_6_f-6_1_an_old_444sq_yard_house_is_available_for_sale_in_f-6-45286022-3299-1.html
160000000,24.0,Islamabad,6,6,"I-8, Islamabad",House,2021,2,1,1,1,1,https://www.zameen.com/Property/islamabad_i-8_a_600_yards_house_is_available_for_sale_in_i-8-44961461-174-1.html
415000000,20.0,Islamabad,6,7,"F-8, Islamabad",House,,,,,2,1,https://www.zameen.com/Property/islamabad_f-8_brand_new_triple-storey_designer_house_for_sale_in_f-8-53492540-166-1.html
57000000,10.0,Islamabad,5,6,"Bahria Enclave - Sector C1, Bahria Enclave",House,2026,2,1,2,2,1,https://www.zameen.com/Property/bahria_enclave_bahria_enclave_-_sector_c1_10_marla_elegant_house_available_for_sale_in_sector_c1-54180207-11987-1.html
80000000,20.0,Islamabad,7,7,"Top City 1, Islamabad",House,2016,2,1,1,2,1,https://www.zameen.com/Property/islamabad_top_city_1_corner_1_kanal_house_for_sale-54183915-1383-1.html
38500000,10.0,Islamabad,5,6,"Top City 1, Islamabad",House,2024,2,1,1,2,1,https://www.zameen.com/Property/islamabad_top_city_1_10_marla_house_for_sale_in_top_city-54145933-1383-1.html
145000000,20.0,Islamabad,7,0,"DHA Defence Phase 2, DHA Defence",House,2026,4,2,,2,1,https://www.zameen.com/Property/dha_defence_dha_defence_phase_2_1_kanal_ultra_luxury_designer_house_for_sale_in_dha_phase_2_islamabad_7_master_bedrooms_prime_location_near_central_park_dha_phase_2_islamabad_expressway_elegant_living_double_kitchens_servant_accommodation_parking_for_3-54115123-339-1.html
110000000,20.0,Islamabad,6,6,"Bahria Enclave - Sector C, Bahria Enclave",House,2025,4,3,,2,1,https://www.zameen.com/Property/bahria_enclave_bahria_enclave_-_sector_c_1_kanal_brand_new_house_available_for_sale_in_sector_c_bahria_enclave_islamabad-54155786-11973-1.html
75000000,20.0,Islamabad,8,6,"Bani Gala, Islamabad",House,,,,,,1,https://www.zameen.com/Property/islamabad_bani_gala_1_kanal_semi_triple_storey_house_for_sale_very_prime_location_in_bani_gala-54207752-340-1.html
29500000,5.0,Islamabad,4,6,"B-17, Islamabad",House,2026,1,1,1,2,1,https://www.zameen.com/Property/islamabad_b-17_house_available_for_sale_c-1_size_5_marla_in_multi_gardens_b-17_islamabad-54247961-616-1.html
55000000,10.0,Islamabad,4,7,"B-17, Islamabad",House,2026,2,1,,2,1,https://www.zameen.com/Property/islamabad_b-17_house_available_for_sale_c_size_10_marla_in_multi_gardens_b-17_islamabad-54247971-616-1.html
88000000,20.0,Islamabad,5,5,"DHA Phase 3 - Block B, DHA Defence Phase 3",House,,,,,1,1,https://www.zameen.com/Property/dha_defence_phase_3_dha_phase_3_-_block_b_looking_for_a_corner_house_in_dha_phase_3_-_block_b_islamabad-54112153-16227-1.html
450000000,32.0,Islamabad,7,0,"E-7, Islamabad",House,2018,,1,1,2,1,https://www.zameen.com/Property/islamabad_e-7_exquisite_7-bed_home_in_exclusive_e-7_locale_-_cda_transfer-50169213-343-1.html
550000000,40.0,Islamabad,6,6,"F-6/3, F-6",House,2023,5,1,1,1,1,https://www.zameen.com/Property/f_6_f-6_3_investor_price_house_available_for_sale_in_f6_3-50510847-3301-1.html
69000000,20.0,Islamabad,11,7,"MPCHS - Multi Gardens, B-17",House,2012,4,1,2,3,1,https://www.zameen.com/Property/b_17_mpchs_-_multi_gardens_ultra-spacious_1_kanal_corner_mansion_with_botanical_garden_20-car_parking_block_f_b-17-53683577-3115-1.html
51000000,14.0,Islamabad,7,6,"G-15, Islamabad",House,2024,4,1,2,2,1,https://www.zameen.com/Property/islamabad_g-15_beautiful_designer_14_marla_40_80_house_for_sale_in_g-15_islamabad-53974259-764-1.html
11500000,5.0,Islamabad,0,0,"Shah Allah Ditta, Islamabad",House,2021,,2,2,2,1,https://www.zameen.com/Property/islamabad_shah_allah_ditta_5_marla_single_storey_house_for_sale_in_shah_allah_ditta_cda_zone_3_registered-54081431-8424-1.html
124000000,14.0,Islamabad,6,6,"G-13/3, G-13",House,2026,,,,,1,https://www.zameen.com/Property/g_13_g-13_3_brand_new_14_marla_double_unit_house_for_sale_in_g13-54231117-3339-1.html
22500000,5.0,Islamabad,5,6,"Kuri Road, Islamabad",House,2026,1,1,1,2,1,https://www.zameen.com/Property/islamabad_kuri_road_5_marla_double_storey_house_for_sale_islamabad-54240704-10322-1.html
45000000,9.0,Islamabad,7,6,"I-14/4, I-14",House,,,1,,2,1,https://www.zameen.com/Property/i_14_i-14_4_brand_new_9_marla_house_for_sale_at_70ft_road_i-14_4-54092806-8343-1.html
36000000,10.0,Islamabad,3,4,"Emaar Canyon Views - Alma 1 Block, Emaar Canyon Views",House,2020,3,1,1,1,1,https://www.zameen.com/Property/emaar_canyon_views_emaar_canyon_views_-_alma_1_block_alma_town_home_emaar_canyon_views_dha_5_sector_e_islamabad_expressway-53688306-16773-1.html
115000000,12.4,Islamabad,6,6,"I-8/3, I-8",House,2015,3,1,1,2,1,https://www.zameen.com/Property/i_8_i-8_3_a_beautiful_house_is_available_for_sale-52339937-3443-1.html
70000000,10.0,Islamabad,5,6,"Top City 1, Islamabad",House,2026,5,1,1,2,1,https://www.zameen.com/Property/islamabad_top_city_1_brand_new_luxurious_house_10_marla_construction_10_marla_attached_plot_with_beautiful_lawn_total_land_20_marla-54094506-1383-1.html
157500000,14.2,Islamabad,10,7,"D-12, Islamabad",House,,,,,,,https://www.zameen.com/Property/islamabad_d-12_14_marla_triple_story_corner_house_for_sale-52942630-160-1.html
80000000,20.0,Islamabad,11,7,"Top City 1 - Block B, Top City 1",House,2010,7,22,2,2,1,https://www.zameen.com/Property/top_city_1_top_city_1_-_block_b_triple_storey_kanal_house_for_sale-52994784-9230-1.html
45000000,10.0,Islamabad,6,6,"Top City 1, Islamabad",House,2024,50,2,2,2,1,https://www.zameen.com/Property/islamabad_top_city_1_10_marla_house_for_sale-53253246-1383-1.html
95000000,8.0,Islamabad,7,6,"D-12/1, D-12",House,2025,1,1,3,1,1,https://www.zameen.com/Property/d_12_d-12_1_stunning_corner_house_is_available_for_sale_in_d-12_1-53259807-3154-1.html
40000000,10.0,Islamabad,5,6,"Top City 1 - Block A, Top City 1",House,,2,1,1,1,1,https://www.zameen.com/Property/top_city_1_top_city_1_-_block_a_affordable_house_for_sale_in_top_city_1_-_block_a-53648777-9231-1.html
62000000,10.0,Islamabad,5,6,"Bahria Enclave - Sector A, Bahria Enclave",House,2024,2,1,,2,1,https://www.zameen.com/Property/bahria_enclave_bahria_enclave_-_sector_a_bahria_enclave_islamabad_sector_a_10_marla_lop_clear_semi_corner_sun_face_modern_houseavailable-54175507-11970-1.html
240000000,24.0,Islamabad,9,0,"D-12/3, D-12",House,2026,1,1,1,2,1,https://www.zameen.com/Property/d_12_d-12_3_stunning_and_affordable_house_available_for_sale_in_d-12_3-54065548-3156-1.html
153000000,14.0,Islamabad,5,5,"D-12, Islamabad",House,,,2,,2,1,https://www.zameen.com/Property/islamabad_d-12_14_marla_spacious_house_is_available_in_d-12_for_sale-54065484-160-1.html
54000000,5.0,Islamabad,4,5,"D-12, Islamabad",House,2025,1,1,1,1,1,https://www.zameen.com/Property/islamabad_d-12_ideal_house_for_sale_in_d-12-54047031-160-1.html
140000000,20.0,Islamabad,5,6,"DHA Defence Phase 2, DHA Defence",House,2026,3,2,1,1,1,https://www.zameen.com/Property/dha_defence_dha_defence_phase_2_elegant_designer_house_with_swimming_pool_ready_for_sale_in_dha_defence_phase_2_islamabad-54247604-339-1.html
69000000,10.0,Islamabad,4,6,"Top City 1, Islamabad",House,2026,2,1,,2,1,https://www.zameen.com/Property/islamabad_top_city_1_prime_location_beautiful_corner_luxuary_designer_house_available-54245848-1383-1.html
14000000,5.0,Islamabad,3,4,"Bani Gala, Islamabad",House,2026,1,,,2,1,https://www.zameen.com/Property/islamabad_bani_gala_brand_new_1_5_storey_house_for_sale_in_bani_gala-53774818-340-1.html
105000000,20.0,Islamabad,6,7,"DHA Phase 3 - Block B, DHA Defence Phase 3",House,2020,3,1,1,1,1,https://www.zameen.com/Property/dha_defence_phase_3_dha_phase_3_-_block_b_beautiful_location_ideal_house_near_masjid_park_and_school-54141558-16227-1.html
41500000,7.0,Islamabad,5,6,"Gulberg Residencia - Block F, Gulberg Residencia",House,2021,,1,1,2,1,https://www.zameen.com/Property/gulberg_residencia_gulberg_residencia_-_block_f_7_marla_ideal_location_house_available_for_sale_in_f_block_at_the_ideal_location-54247122-9116-1.html
600000000,48.0,Islamabad,10,6,"F-6, Islamabad",House,2023,5,1,1,1,1,https://www.zameen.com/Property/islamabad_f-6_1200_sq_yd_street_corner_house_for_sale-51720186-164-1.html
1100000000,48.0,Islamabad,8,0,"F-6, Islamabad",House,2024,8,2,2,2,1,https://www.zameen.com/Property/islamabad_f-6_brand_new_house_available_for_sale_in_f6-52025708-164-1.html
35000000,7.0,Islamabad,4,6,"G-15/2, G-15",House,,,,,1,,https://www.zameen.com/Property/g_15_g-15_2_7_marla_brand_new_2_storey_house_for_sale_extra_land_g-15_islamabad-54086379-3349-1.html
48000000,10.0,Islamabad,6,6,"F-15/1, F-15",House,,,,,3,,https://www.zameen.com/Property/f_15_f-15_1_10_marla_brand_new_2_storey_house_for_sale_f15_islamabad-54086592-3291-1.html
42500000,4.0,Islamabad,4,4,"G-13/1, G-13",House,,,,,,1,https://www.zameen.com/Property/g_13_g-13_1_excellent_location_ideal_family_living_strong_investment_potential-54215426-3337-1.html
110000000,34.0,Islamabad,5,7,"Bani Gala, Islamabad",House,2023,5,2,1,2,1,https://www.zameen.com/Property/islamabad_bani_gala_house_for_sale_in_bani_gala_-_ideal_location_for_peaceful_living-52802656-340-1.html
8500000,5.0,Islamabad,3,4,"Ghauri Town Phase 7, Ghauri Town",House,,,,,,,https://www.zameen.com/Property/ghauri_town_ghauri_town_phase_7_intact_gray_structure_in_ghouri_town_phase_7_abubakar_block-53499133-8245-1.html
350000000,80.0,Islamabad,6,7,"Eighteen, Kashmir Highway",House,,,,,,1,https://www.zameen.com/Property/kashmir_highway_eighteen_4_kanal_golf_facing_villa_in_eighteen_islamabad_-_live_the_ultimate_luxury_-_2-years_payment_plan-54007032-12602-1.html
35500000,8.0,Islamabad,5,6,"MPCHS - Multi Gardens, B-17",House,2016,25,2,2,2,1,https://www.zameen.com/Property/b_17_mpchs_-_multi_gardens_a_well_designed_house_is_up_for_sale_in_an_ideal_location_in_islamabad-53573896-3115-1.html
55000000,10.9,Islamabad,7,6,"B-17, Islamabad",House,,,,,,,https://www.zameen.com/Property/islamabad_b-17_well_designed_traditional_house_for_sale-54048172-616-1.html
32500000,5.0,Islamabad,5,5,"Faisal Margalla City, B-17",House,2024,,,,,1,https://www.zameen.com/Property/b_17_faisal_margalla_city_fmc_designer_house_for_sale-53656901-13424-1.html
230000000,28.0,Islamabad,4,5,"F-10/3, F-10",House,2010,2,1,1,2,1,https://www.zameen.com/Property/f_10_f-10_3_f-10_3_main_location_close_end_600_sq_yard_house-45754299-3278-1.html
450000000,50.0,Islamabad,7,6,"F-7/1, F-7",House,2020,5,2,2,2,1,https://www.zameen.com/Property/f_7_f-7_1_f-7_1_street_corner_front_back_open_house_for_sale-49017295-3307-1.html
170000000,20.0,Islamabad,5,6,"F-10/1, F-10",House,2010,4,2,1,2,1,https://www.zameen.com/Property/f_10_f-10_1_f-10-1_duplex_house_511_squired_yard-47592578-3276-1.html
17000000,5.0,Islamabad,7,6,"Kuri Road, Islamabad",House,2026,,,,6,1,https://www.zameen.com/Property/islamabad_kuri_road_5_marla_2_5_storey_gray_structure_for_sale-54223952-10322-1.html
75000000,5.0,Islamabad,5,5,"D-12, Islamabad",House,,,,,,1,https://www.zameen.com/Property/islamabad_d-12_5_marla_house_for_sale_in_d-12-54178352-160-1.html
45000000,5.0,Islamabad,3,3,"D-12, Islamabad",House,2024,1,1,1,1,1,https://www.zameen.com/Property/islamabad_d-12_a_palatial_residence_for_sale_in_d-12_d-12-54178428-160-1.html
44500000,6.0,Islamabad,4,5,"I-11, Islamabad",House,2025,,,,2,1,https://www.zameen.com/Property/islamabad_i-11_brand_new_6_marla_house_available_for_sale_in_i-11-53859565-706-1.html
32500000,4.0,Islamabad,5,5,"I-11, Islamabad",House,2026,,,,2,,https://www.zameen.com/Property/islamabad_i-11_brand_new_double_storey_house_for_sale-53933357-706-1.html
120000000,10.0,Islamabad,5,6,"D-12, Islamabad",House,2026,3,1,,2,1,https://www.zameen.com/Property/islamabad_d-12_beautiful_location_modern_luxury_house_for_sale_solid_construction-54156863-160-1.html
14800000,5.0,Islamabad,3,4,"Bani Gala, Islamabad",House,,1,,1,1,,https://www.zameen.com/Property/islamabad_bani_gala_5_marla_most_beautiful_house_for_sale-54246913-340-1.html
116000000,20.0,Islamabad,5,7,"DHA Defence Phase 2, DHA Defence",House,2025,3,2,,1,1,https://www.zameen.com/Property/dha_defence_dha_defence_phase_2_elegant_house_with_complete_marghalla_view_from_terrace-52751497-339-1.html
117000000,20.0,Islamabad,5,6,"DHA Defence Phase 2, DHA Defence",House,2026,2,1,1,1,1,https://www.zameen.com/Property/dha_defence_dha_defence_phase_2_latest_design_ultra_luxurious_house_for_sale_at_dha_islamabad-54087882-339-1.html
7500000,3.0,Islamabad,1,2,"H-13, Islamabad",House,,2,,1,1,1,https://www.zameen.com/Property/islamabad_h-13_3_marla_single_storey_house_available_for_sale_h_13-53092844-1039-1.html
50000000,10.0,Islamabad,5,6,"Zaraj Housing Scheme, Islamabad",House,2025,2,1,1,2,1,https://www.zameen.com/Property/islamabad_zaraj_housing_scheme_designer_brand_new_10_marla_modern_house_for_sale_in_zaraj_housing_society_islamabad-49940287-3508-1.html
1300000000,100.0,Islamabad,10,0,"F-6, Islamabad",House,2020,8,3,1,2,1,https://www.zameen.com/Property/islamabad_f-6_beautiful_house_available_for_sale_in_f6-52276724-164-1.html
750000000,76.0,Islamabad,10,0,"F-7, Islamabad",House,2023,7,2,,1,1,https://www.zameen.com/Property/islamabad_f-7_prime_location_house_for_sale-47991532-165-1.html
15000000,5.0,Islamabad,4,4,"Park View City - Overseas Block, Park View City",House,2026,1,1,,1,1,https://www.zameen.com/Property/park_view_city_park_view_city_-_overseas_block_5_marla_grey_structure_ready_for_sale-53794129-19666-1.html
79500000,20.0,Islamabad,6,6,"DHA Phase 2 - Sector F, DHA Defence Phase 2",House,2023,3,1,1,1,1,https://www.zameen.com/Property/dha_defence_phase_2_dha_phase_2_-_sector_f_designer_outclass_house_on_top_height_location_near_giga_mall_central_park-49354939-3201-1.html
86000000,20.0,Islamabad,5,5,"DHA Defence Phase 2, DHA Defence",House,,,1,1,2,1,https://www.zameen.com/Property/dha_defence_dha_defence_phase_2_1_kanal_luxury_5bed_designer_house-53721742-339-1.html
69500000,10.0,Islamabad,5,6,"DHA Defence Phase 5, DHA Defence",House,2015,2,,1,2,1,https://www.zameen.com/Property/dha_defence_dha_defence_phase_5_10_marla_brand_new_house_for_sale-54008994-10991-1.html
109500000,30.0,Islamabad,5,6,"DHA Defence Phase 3, DHA Defence",House,,,,,2,1,https://www.zameen.com/Property/dha_defence_dha_defence_phase_3_fully_furnished_owner_built_30marla_house_top_height_completion_2024-54207765-8412-1.html
240000000,26.0,Islamabad,6,6,"F-10/2, F-10",House,2010,4,2,1,2,1,https://www.zameen.com/Property/f_10_f-10_2_f-10_fully_house_for_sale-52891759-3277-1.html
350000000,24.0,Islamabad,5,6,"F-10/2, F-10",House,2025,6,2,2,1,1,https://www.zameen.com/Property/f_10_f-10_2_luxury_living_with_a_margalla_hills_brand_new_bedrooms_house_with_swimming_pool_for_sale_f-10-53756929-3277-1.html
400000000,48.0,Islamabad,6,6,"F-10/3, F-10",House,1999,6,2,1,2,1,https://www.zameen.com/Property/f_10_f-10_3_f10_3_margalla_road_6bed_room_attach_bath_drawing_room_lounge_kitchen_store_servant-54041458-3278-1.html
230000000,24.0,Islamabad,6,6,"F-10/3, F-10",House,1999,4,2,1,1,1,https://www.zameen.com/Property/f_10_f-10_3_f10_3_house_for_sale_size600-52232387-3278-1.html
130000000,13.0,Islamabad,4,5,"F-10/2, F-10",House,1990,4,1,1,1,1,https://www.zameen.com/Property/f_10_f-10_2_f-10_4_bed_rooms_corner_house_double_kitchen-53706870-3277-1.html
39500000,7.0,Islamabad,4,5,"Faisal Town Phase 1 - Block A, Faisal Town Phase 1",House,,2,,1,1,2,https://www.zameen.com/Property/faisal_town_phase_1_faisal_town_phase_1_-_block_a_brand_new_7_marla_house_for_sale_block_a_faisal_town_phase-1-53603208-16416-1.html
28500000,5.0,Islamabad,4,5,"Faisal Town Phase 1 - Block C, Faisal Town Phase 1",House,,,,,1,2,https://www.zameen.com/Property/faisal_town_phase_1_faisal_town_phase_1_-_block_c_brand_new_5_marla_25_50_house_for_sale_block_c_faisal_town_phase_1-53768294-16418-1.html
38500000,7.0,Islamabad,5,7,"Faisal Town - F-18, Islamabad",House,,2,,,2,1,https://www.zameen.com/Property/islamabad_faisal_town_-_f-18_7_marla_brand_new_designer_house_for_sale_block_a_faisal_town_phase-1_f-18_islamabad-53536535-8260-1.html
78000000,20.0,Islamabad,6,7,"Top City 1, Islamabad",House,2015,3,1,1,2,1,https://www.zameen.com/Property/islamabad_top_city_1_prime_location_20_marla_house_in_beautiful_location_of_top_city_1-54192013-1383-1.html
50000000,20.0,Islamabad,7,6,"Top City 1, Islamabad",House,2026,4,2,2,2,1,https://www.zameen.com/Property/islamabad_top_city_1_a_beautiful_park_face_grey_structure_available_for_sale-54151640-1383-1.html
44400000,4.0,Islamabad,5,5,"G-13/4, G-13",House,2025,,,,,,https://www.zameen.com/Property/g_13_g-13_4_designer_house_brand_new_for_sale_25_40-53788429-3340-1.html
73500000,10.0,Islamabad,5,5,"G-9/4, G-9",House,,,,,,,https://www.zameen.com/Property/g_9_g-9_4_cda_sector_g-9_4_35_70_5-bedroom_liveable_house_for_sale-54241558-3387-1.html
87500000,10.0,Islamabad,5,5,"G-10/4, G-10",House,,,,,,,https://www.zameen.com/Property/g_10_g-10_4_g-10_4_main_sawan_road_35_70_5_bedrooms_livable_house_for_sale-54241510-3327-1.html
48000000,4.4,Islamabad,3,4,"D-12, Islamabad",House,2025,,1,1,1,1,https://www.zameen.com/Property/islamabad_d-12_house_of_1000_square_feet_is_available_for_sale_in_d-12-54202611-160-1.html
250000000,26.0,Islamabad,6,6,"F-10/2, F-10",House,2000,4,2,2,2,1,https://www.zameen.com/Property/f_10_f-10_2_f10_2_main_margalla_road_front_open_very_prime_location_house_for_sale-54128215-3277-1.html
55000000,10.0,Islamabad,5,5,"Bahria Enclave - Sector C1, Bahria Enclave",House,2026,2,1,1,2,1,https://www.zameen.com/Property/bahria_enclave_bahria_enclave_-_sector_c1_bahria_enclave_sector_c1_10_marla_brand_new_double_unit_house_for_sale_close_to_main_gate-54139207-11987-1.html
59900000,7.0,Islamabad,6,7,"G-14/3, G-14",House,,,,,2,1,https://www.zameen.com/Property/g_14_g-14_3_luxury_prime_location_easy_access_strong_long-term_value-54245847-3345-1.html
41000000,7.0,Islamabad,5,5,"Gulberg Residencia - Block L, Gulberg Residencia",House,,,1,,2,1,https://www.zameen.com/Property/gulberg_residencia_gulberg_residencia_-_block_l_looking_for_a_prime_location_house_in_gulberg_residencia_-_block_l_islamabad-54242935-9122-1.html
1100000000,80.0,Islamabad,1,1,"F-7, Islamabad",House,2024,10,2,1,1,1,https://www.zameen.com/Property/islamabad_f-7_beautiful_house_for_sale_in_f7-49389090-165-1.html
450000000,40.0,Islamabad,6,6,"F-7, Islamabad",House,2023,4,1,1,2,1,https://www.zameen.com/Property/islamabad_f-7_luxurious_6-bedroom_house_for_sale_in_prime_location-49610419-165-1.html
125000000,20.0,Islamabad,6,6,"Bahria Enclave - Sector C, Bahria Enclave",House,2025,3,1,1,2,1,https://www.zameen.com/Property/bahria_enclave_bahria_enclave_-_sector_c_bahria_enclave_sector_c_one_kanal_heighted_location_brand_new_house_for_sale_soller_instald_close_to_main_gate-54168294-11973-1.html
27000000,5.0,Islamabad,3,4,"Bahria Enclave - Sector N, Bahria Enclave",House,2026,1,1,1,1,2,https://www.zameen.com/Property/bahria_enclave_bahria_enclave_-_sector_n_bahria_enclave_sector_n_5_marla_brand_new_double_unit_designer_house_for_sale-54215462-11975-1.html
27000000,5.0,Islamabad,3,4,"Bahria Enclave - Sector B1, Bahria Enclave",House,2023,1,1,1,2,1,https://www.zameen.com/Property/bahria_enclave_bahria_enclave_-_sector_b1_sector_b1_5_5_marla_miner_used_house_for_sale_with_8kv_soller_instald_close_to_bicun_house_school_masjid_amp_park-54143826-11972-1.html
125000000,20.0,Islamabad,5,6,"Gulberg Residencia - Block E, Gulberg Residencia",House,,,,,2,,https://www.zameen.com/Property/gulberg_residencia_gulberg_residencia_-_block_e_brand_new_house-53009522-9115-1.html
42000000,10.1,Islamabad,7,6,"Soan Garden - Block D, Soan Garden",House,2024,2,1,2,2,1,https://www.zameen.com/Property/soan_garden_soan_garden_-_block_d_10_marla_double_storey_house_is_available_for_sale-47609630-3494-1.html
38000000,7.0,Islamabad,5,7,"Faisal Town - F-18, Islamabad",House,2025,2,,,2,1,https://www.zameen.com/Property/islamabad_faisal_town_-_f-18_7_marla_designer_house_for_sale_block_a_faisal_town_f-18_islamabad-53536918-8260-1.html
30000000,5.0,Islamabad,3,4,"Faisal Town Phase 1 - Block C, Faisal Town Phase 1",House,,2,1,,1,2,https://www.zameen.com/Property/faisal_town_phase_1_faisal_town_phase_1_-_block_c_5_marla_semi-corner_house_for_sale_block_c-53598706-16418-1.html
43000000,10.0,Islamabad,4,5,"Faisal Town - F-18, Islamabad",House,2025,,,,2,1,https://www.zameen.com/Property/islamabad_faisal_town_-_f-18_10_marla_house_for_sale_faisal_town_block_c-54016880-8260-1.html
400000000,20.0,Islamabad,8,0,"F-11/3, F-11",House,2010,4,2,2,2,1,https://www.zameen.com/Property/f_11_f-11_3_f-11_3_500_sq_yard_triple_story_with_huge_extra_land_margallah_facing-45388344-3284-1.html
180000000,26.0,Islamabad,5,6,"F-11, Islamabad",House,2015,7,7,2,2,1,https://www.zameen.com/Property/islamabad_f-11_f-11_dead_end_street_top_location_sun_face_livable_house_for_sale-50440435-163-1.html
330000000,20.0,Islamabad,5,6,"F-7, Islamabad",House,2020,3,1,,1,1,https://www.zameen.com/Property/islamabad_f-7_renovated_1_kanal_5_bedroom_house_for_sale-53806723-165-1.html
37500000,7.0,Islamabad,4,5,"Federation Housing Society - O-9, National Police Foundation O-9",House,,,,,,,https://www.zameen.com/Property/national_police_foundation_o_9_federation_housing_society_-_o-9_7_marla_double_storey_new_house_for_sale_in_federation_o_9_islamabad-50989985-9585-1.html
600000000,50.0,Islamabad,5,6,"F-6, Islamabad",House,,4,2,2,2,1,https://www.zameen.com/Property/islamabad_f-6_f-6_house_for_sale-53612738-164-1.html
130000000,10.0,Islamabad,5,5,"D-12/1, D-12",House,2024,2,,1,2,1,https://www.zameen.com/Property/d_12_d-12_1_corner_brand_new_house_for_sale_in_d_12-52932983-3154-1.html
51000000,10.0,Islamabad,5,6,"Top City 1 - Block D, Top City 1",House,,,,,,1,https://www.zameen.com/Property/top_city_1_top_city_1_-_block_d_10_marla_brand_new_house_for_sale_in_top_city-1_islamabad-53681427-9233-1.html
53000000,4.0,Islamabad,3,3,"D-12/1, D-12",House,,,,,,1,https://www.zameen.com/Property/d_12_d-12_1_stunning_4_marla_house_in_d-12_1_available-54232728-3154-1.html
95000000,20.0,Islamabad,6,7,"Top City 1 - Block B, Top City 1",House,,,1,,2,1,https://www.zameen.com/Property/top_city_1_top_city_1_-_block_b_4500_sq_ft_prime_location_near_school_market_mosque_ready_to_move_designer_house_for_sale_block-b_top_city-1_islamabad-54045926-9230-1.html
46000000,10.0,Islamabad,6,6,"Top City 1 - Block D, Top City 1",House,2020,3,2,1,2,1,https://www.zameen.com/Property/top_city_1_top_city_1_-_block_d_10_marla_corner_brand_new_house_for_sale_in_topcity-1_islamabad-53172537-9233-1.html
41000000,7.0,Islamabad,4,5,"Gulberg Residencia - Block F, Gulberg Residencia",House,2024,2,,,,,https://www.zameen.com/Property/gulberg_residencia_gulberg_residencia_-_block_f_f_block_7_marla_desirable_house_for_sale_at_investor_rate-54238360-9116-1.html
73500000,10.0,Islamabad,6,7,"Gulberg Residencia - Block I, Gulberg Residencia",House,2022,4,,,,,https://www.zameen.com/Property/gulberg_residencia_gulberg_residencia_-_block_i_i_block_10_marla_corner_2_marla_extra_land_paid_main_boulevard_spacious_house_available_for_sale-54238362-9119-1.html
34500000,8.0,Islamabad,5,6,"G-15, Islamabad",House,2015,1,1,,1,1,https://www.zameen.com/Property/islamabad_g-15_house_for_sale_in_g-15-54149979-764-1.html
130000000,14.0,Islamabad,7,0,"G-13, Islamabad",House,2026,1,,,2,1,https://www.zameen.com/Property/islamabad_g-13_highly-coveted_14_marla_house_is_available_in_g-13_for_sale-54245489-330-1.html
93000000,14.0,Islamabad,8,6,"G-14/4, G-14",House,2020,3,1,1,3,1,https://www.zameen.com/Property/g_14_g-14_4_highly-desirable_prime_location_house_available_in_g-14_4_for_sale-53611689-3346-1.html
290000000,26.0,Islamabad,6,6,"F-7, Islamabad",House,2023,4,2,1,2,1,https://www.zameen.com/Property/islamabad_f-7_specious_666_sq_yard_60x100_house_for_sale_in_f-7_prime_location-49810942-165-1.html
650000000,50.0,Islamabad,8,1,"F-7/3, F-7",House,,,2,1,3,1,https://www.zameen.com/Property/f_7_f-7_3_luxurious_triple_storey_house_for_sale_in_prime_location_of_f-7_3-50260979-3309-1.html
58000000,12.0,Islamabad,6,6,"Soan Garden - Block B, Soan Garden",House,2025,,,,2,1,https://www.zameen.com/Property/soan_garden_soan_garden_-_block_b_buy_a_centrally_located_corner_12_marla_house_in_soan_garden_-_block_b-53945011-3492-1.html
49500000,16.0,Islamabad,4,5,"Soan Garden - Block F, Soan Garden",House,2022,3,1,1,1,1,https://www.zameen.com/Property/soan_garden_soan_garden_-_block_f_luxury_house_for_sale-54093958-3496-1.html
42000000,20.0,Islamabad,3,4,"Soan Garden, Islamabad",House,2015,3,,,1,1,https://www.zameen.com/Property/islamabad_soan_garden_1_kanal_single_storey_house_for_sale-54148344-338-1.html
125000000,10.7,Islamabad,7,7,"G-10/2, G-10",House,2025,3,,2,3,1,https://www.zameen.com/Property/g_10_g-10_2_luxury_triple_storey_house_for_sale_in_g-10_2_prime_location-54235248-3325-1.html
20000000,5.0,Islamabad,4,4,"Bani Gala, Islamabad",House,2026,2,1,,2,1,https://www.zameen.com/Property/islamabad_bani_gala_5_marla_double_storey_house_for_sale_in_banigala_prime_residential_location-54201372-340-1.html
1000000000,44.0,Islamabad,7,0,"F-6, Islamabad",House,2025,2,2,2,2,1,https://www.zameen.com/Property/islamabad_f-6_f-6_house_for_sale_brand_new_architecture_design_house-53612670-164-1.html
280000000,20.0,Islamabad,5,6,"F-7, Islamabad",House,2020,2,2,,2,1,https://www.zameen.com/Property/islamabad_f-7_f-7_2_house_for_sale-53580797-165-1.html
450000000,42.0,Islamabad,5,6,"F-7, Islamabad",House,2020,5,2,2,1,1,https://www.zameen.com/Property/islamabad_f-7_f-7_2_house_for_sale-53582845-165-1.html
1250000000,80.0,Islamabad,8,0,"F-8, Islamabad",House,2020,10,2,2,2,1,https://www.zameen.com/Property/islamabad_f-8_f-8_new_house_for_sale_2000_sq_yard_100_by_180_cda_transfer-53657967-166-1.html
175000000,20.0,Islamabad,5,5,"F-10/4, F-10",House,,,1,,1,1,https://www.zameen.com/Property/f_10_f-10_4_newly_renovated_house_for_sale_f-10_4_islamabad_ideal_location-53921070-3279-1.html
450000000,40.0,Islamabad,5,6,"F-7, Islamabad",House,2024,,,,,1,https://www.zameen.com/Property/islamabad_f-7_prime_location_cda_transfer_old_low_price_2_kanal_house-53068926-165-1.html
330000000,20.0,Islamabad,5,6,"F-7, Islamabad",House,2024,,,,,1,https://www.zameen.com/Property/islamabad_f-7_elegant_house_is_for_sale_in_f-7-52920070-165-1.html
240000000,17.8,Islamabad,5,6,"F-6, Islamabad",House,2024,,1,,1,1,https://www.zameen.com/Property/islamabad_f-6_hot_location_deal_444_sq_yards_old_house_close_to_main_road-54079739-164-1.html
41000000,10.0,Islamabad,5,6,"Mumtaz City, Islamabad",House,2021,3,1,1,2,1,https://www.zameen.com/Property/islamabad_mumtaz_city_10_marla_main_double_road_house_for_sale_in_mumtaz_city-1-53622328-3464-1.html
28000000,5.0,Islamabad,3,4,"Bahria Enclave, Bahria Town",House,2025,1,1,,1,,https://www.zameen.com/Property/bahria_town_bahria_enclave_5_marla_house_3_bed_accommodation_1_american_kitchen_1_servent_two_species_tv_lounge_available_for_sale_in_bahria_enclave_islamabad-54168015-1705-1.html
275000000,22.0,Islamabad,5,5,"F-8, Islamabad",House,,,,,,1,https://www.zameen.com/Property/islamabad_f-8_for_sale_533_sq_yrd_renovated_double_storey_house_cda_transfer_f_8_1-54115422-166-1.html
145000000,20.0,Islamabad,11,6,"Faisal Town Phase 1 - Block A, Faisal Town Phase 1",House,2023,3,1,2,3,1,https://www.zameen.com/Property/faisal_town_phase_1_faisal_town_phase_1_-_block_a_one_kanal_main_double_road_modren_house_for_sale_at_prime_location-50268925-16416-1.html
85000000,20.0,Islamabad,6,7,"Naval Anchorage - Block E, Naval Anchorage",House,,3,1,,,1,https://www.zameen.com/Property/naval_anchorage_naval_anchorage_-_block_e_1_kanal_6-bedroom_modern_residence_block_e_naval_anchorage_islamabad-54161109-3471-1.html
97000000,20.0,Islamabad,5,5,"DHA Phase 2 - Sector D, DHA Defence Phase 2",House,,4,,,1,1,https://www.zameen.com/Property/dha_defence_phase_2_dha_phase_2_-_sector_d_1_kanal_double_unit_house_is_available_for_sale_in_dha_phase_2_sector_d_islamabad-54172950-3199-1.html
299000000,20.0,Islamabad,7,7,"F-7/2, F-7",House,,4,1,2,2,1,https://www.zameen.com/Property/f_7_f-7_2_1_kanal_house_for_sale_in_f-7_2_islamabad_7_bed_luxury_house_with_margalla_view-54243736-3308-1.html
15500000,5.0,Islamabad,4,5,"D-17, Islamabad",House,2023,,1,1,1,1,https://www.zameen.com/Property/islamabad_d-17_5_marla_house_available_for_sale-54082675-737-1.html
13000000,5.0,Islamabad,4,5,"E-17, Islamabad",House,2026,,,,2,1,https://www.zameen.com/Property/islamabad_e-17_5_marla_brand_new_double_storey_house_available_for_sale-54193778-1409-1.html
14000000,3.7,Islamabad,3,4,"Bani Gala, Islamabad",House,2022,1,,1,1,1,https://www.zameen.com/Property/islamabad_bani_gala_centrally_located_house_in_bani_gala_is_available_for_sale-54199059-340-1.html
390000000,26.0,Islamabad,6,6,"F-7, Islamabad",House,2024,5,2,2,5,1,https://www.zameen.com/Property/islamabad_f-7_fully_renovated_house_available_for_sale-50552799-165-1.html
420000000,36.0,Islamabad,6,6,"F-7, Islamabad",House,,6,2,,1,1,https://www.zameen.com/Property/islamabad_f-7_prime_location_house_available_for_sale_in_f7-50602964-165-1.html
140000000,16.0,Islamabad,7,7,"F-11, Islamabad",House,2020,,2,,2,1,https://www.zameen.com/Property/islamabad_f-11_f11_triple_storey_house_7_beds_tiled_floor_2_drawing_dinnings_3_tv_lounges-52166937-163-1.html
37500000,8.0,Islamabad,5,6,"Faisal Town - F-18, Islamabad",House,2025,,,,1,1,https://www.zameen.com/Property/islamabad_faisal_town_-_f-18_30x60_house_for_sale-53955577-8260-1.html
28500000,7.0,Islamabad,4,4,"Jinnah Gardens Phase 1, Jinnah Gardens",House,2018,,1,1,2,1,https://www.zameen.com/Property/jinnah_gardens_jinnah_gardens_phase_1_main_liaqat_avenue_lop_clear_7_marla_double_story_house_for_sale-54150014-1421-1.html
14800000,5.0,Islamabad,3,4,"Bani Gala, Islamabad",House,2025,1,,1,1,1,https://www.zameen.com/Property/islamabad_bani_gala_5_marla_1_5_storey_house_for_sale_bani_gala-53854649-340-1.html
75000000,8.0,Islamabad,5,5,"G-11/1, G-11",House,2018,1,1,1,1,1,https://www.zameen.com/Property/g_11_g-11_1_book_a_house_of_8_marla_in_g-11_1_islamabad-53582455-3330-1.html
720000000,40.0,Islamabad,6,7,"F-6, Islamabad",House,,,,,,1,https://www.zameen.com/Property/islamabad_f-6_1000_sqyd_house_in_f-6_a_rare_opportunity-53614691-164-1.html
990000000,40.0,Islamabad,8,7,"F-6, Islamabad",House,,,,,,1,https://www.zameen.com/Property/islamabad_f-6_brand_new_beautiful_house_is_for_sale_in_f-6-53506769-164-1.html
235000000,17.8,Islamabad,5,6,"F-6, Islamabad",House,,,,,,,https://www.zameen.com/Property/islamabad_f-6_old_livable_house_for_sale_in_beautiful_location_f-6-53402008-164-1.html
158000000,10.6,Islamabad,5,5,"F-6, Islamabad",House,,,,2,,1,https://www.zameen.com/Property/islamabad_f-6_demolished_house_is_for_sale_in_f-6-53319030-164-1.html
117500000,14.0,Islamabad,6,6,"G-13, Islamabad",House,2024,5,2,2,2,1,https://www.zameen.com/Property/islamabad_g-13_40_80_14marla_proper_corner_house_available_for_sale_in_g13_rent_value_4_lakh-54249476-330-1.html
385000000,17.8,Islamabad,7,7,"F-6, Islamabad",House,2020,,,1,,1,https://www.zameen.com/Property/islamabad_f-6_brand_new_house_is_for_sale_in_f-6-53318131-164-1.html
36000000,8.0,Islamabad,4,4,"Faisal Town - F-18, Islamabad",House,2025,2,1,1,2,1,https://www.zameen.com/Property/islamabad_faisal_town_-_f-18_brand_new_8_marla_house-54155679-8260-1.html
450000000,19.0,Islamabad,6,7,"F-8, Islamabad",House,2026,2,1,1,3,1,https://www.zameen.com/Property/islamabad_f-8_modern_masterpiece_new_6-bed_luxury_villa_with_pool_margalla_views-54048720-166-1.html
27000000,5.0,Islamabad,3,4,"Bahria Enclave - Sector N, Bahria Enclave",House,2026,2,1,1,1,2,https://www.zameen.com/Property/bahria_enclave_bahria_enclave_-_sector_n_brand_new_designer_house_for_sale_in_sector_n_3_bedroom_a_construction_owner_build_in_bahria_enclave_islamabad-54214598-11975-1.html
130000000,16.0,Islamabad,9,7,"E-11, Islamabad",House,,,,,,1,https://www.zameen.com/Property/islamabad_e-11_for_sale_40x90_renovated_triple_storey_9_beds_e_11_2-54183372-329-1.html
31500000,7.0,Islamabad,4,5,"Jinnah Gardens Phase 1, Jinnah Gardens",House,2025,1,,,,,https://www.zameen.com/Property/jinnah_gardens_jinnah_gardens_phase_1_jinnah_garden_phase_1_7_marla_house_for_sale-54052944-1421-1.html
38000000,8.0,Islamabad,6,7,"Faisal Town Phase 1 - Block C, Faisal Town Phase 1",House,,2,1,2,2,1,https://www.zameen.com/Property/faisal_town_phase_1_faisal_town_phase_1_-_block_c_8_marla_luxury_house_for_sale_in_faisal_town-54232206-16418-1.html
15000000,7.0,Islamabad,3,3,"Gulshan-e-Sehat 1, E-18",House,2016,1,,1,1,1,https://www.zameen.com/Property/e_18_gulshan-e-sehat_1_7_marla_single_storey_house_for_sale_e-18_gulshan-e-sehat_islamabad-54113684-3258-1.html
45000000,11.0,Islamabad,5,5,"Bani Gala, Islamabad",House,,,,,,,https://www.zameen.com/Property/islamabad_bani_gala_buy_a_house_of_11_marla_in_bani_gala-54130530-340-1.html
15300000,6.0,Islamabad,3,4,"Bani Gala, Islamabad",House,,,,,,,https://www.zameen.com/Property/islamabad_bani_gala_in_bani_gala_6_marla_house_for_sale-54214073-340-1.html
30000000,5.0,Islamabad,5,5,"National Police Foundation O-9, Islamabad",House,,,,,2,1,https://www.zameen.com/Property/islamabad_national_police_foundation_o-9_prime_location_5_marla_house_for_sale_in_national_police_foundation_o-9_national_police_foundation_o-9_in_only_rs_30000000-53998533-331-1.html
27000000,5.0,Islamabad,5,5,"Jinnah Gardens, FECHS",House,2026,1,,,,,https://www.zameen.com/Property/fechs_jinnah_gardens_deal_with_owner_original_picture_attached-54173788-1420-1.html
160000000,50.0,Islamabad,4,5,"DHA Phase 5 - Sector C, DHA Defence Phase 5",House,2025,4,2,1,1,1,https://www.zameen.com/Property/dha_defence_phase_5_dha_phase_5_-_sector_c_2_5_kanal_luxury_designer_house_for_sale_prime_location_15_kva_solar_near_park_mosque-54042967-8402-1.html
900000000,72.0,Islamabad,8,0,"F-7, Islamabad",House,2020,8,2,2,1,1,https://www.zameen.com/Property/islamabad_f-7_prime_location_house_available_for_sale-51056465-165-1.html
750000000,40.0,Islamabad,7,0,"F-7, Islamabad",House,2024,5,2,2,2,1,https://www.zameen.com/Property/islamabad_f-7_margalla_road_house_available_for_sale_in_f7-52124460-165-1.html
36500000,6.0,Islamabad,3,3,"I-10, Islamabad",House,2023,2,1,1,2,1,https://www.zameen.com/Property/islamabad_i-10_house_for_sale-54238345-173-1.html
80000000,26.0,Islamabad,7,6,"DHA Phase 3 - Block B, DHA Defence Phase 3",House,2024,4,1,1,2,1,https://www.zameen.com/Property/dha_defence_phase_3_dha_phase_3_-_block_b_get_in_touch_now_to_buy_a_main_double_road_house_in_dha_phase_3_-_block_b_islamabad-52196496-16227-1.html
8500000,5.0,Islamabad,2,2,"Oleander Sector - DHA Homes, DHA Valley - Oleander Sector",House,,,,,1,,https://www.zameen.com/Property/dha_valley_oleander_sector_oleander_sector_-_dha_homes_single_storey_home_block_b-54247823-16825-1.html
69000000,14.0,Islamabad,5,6,"DHA Defence Phase 5, DHA Defence",House,2026,2,1,2,2,2,https://www.zameen.com/Property/dha_defence_dha_defence_phase_5_14_marla_extra_luxury_designer_brand_new_house_available_for_sale_with_all_basic_amenities_on_top_class_location_of_dha_phase_5_islamabad-53671181-10991-1.html
47000000,8.0,Islamabad,4,5,"DHA Defence Phase 5, DHA Defence",House,2025,2,1,1,2,1,https://www.zameen.com/Property/dha_defence_dha_defence_phase_5_8_marla_luxury_designer_brand_new_double_unit_house_available_for_sale_with_all_basic_amenities_on_top_heighted_location_of_dha_phase_5_islamabad-53749444-10991-1.html
45000000,11.0,Islamabad,4,6,"Bani Gala, Islamabad",House,2025,2,,1,2,1,https://www.zameen.com/Property/islamabad_bani_gala_11_marla_luxury_spanish_style_house_for_sale-54083791-340-1.html
73500000,8.0,Islamabad,5,6,"G-13, Islamabad",House,2026,2,1,1,2,1,https://www.zameen.com/Property/islamabad_g-13_30_60_8_marla_brand_new_house_available_for_sale_in_g13_rent_value_2_lakh-54249190-330-1.html
38000000,5.0,Islamabad,4,5,"DHA Phase 5 - Sector F, DHA Defence Phase 5",House,2025,1,1,1,2,1,https://www.zameen.com/Property/dha_defence_phase_5_dha_phase_5_-_sector_f_luxury_5_marla_brand_new_house_for_sale_-_sector_f_dha_phase_5-54074609-8836-1.html
8500000,5.0,Islamabad,2,2,"DHA Valley - Oleander Sector, DHA Valley",House,2024,1,,,1,,https://www.zameen.com/Property/dha_valley_dha_valley_-_oleander_sector_5_marla_dha_home_for_sale_in_oleander_d-54098017-3213-1.html
43000000,5.0,Islamabad,4,5,"DHA Phase 5 - Sector F, DHA Defence Phase 5",House,2026,1,1,1,1,1,https://www.zameen.com/Property/dha_defence_phase_5_dha_phase_5_-_sector_f_5_marla_brand_new_luxury_house_for_sale_-_dha_5_f-54131938-8836-1.html
200000000,24.0,Islamabad,7,6,"G-14/4, G-14",House,2026,7,2,2,2,1,https://www.zameen.com/Property/g_14_g-14_4_60_100_24marla_brand_new_house_available_for_sale_in_g-14-4_rent_value_6_lakh-54249177-3346-1.html
14800000,8.0,Islamabad,3,4,"DHA Valley, DHA Defence",House,,,1,1,2,1,https://www.zameen.com/Property/dha_defence_dha_valley_dha_valley_8_marla_house_double_stories_for_sale_out_standing_location_all_facilities_available_dha_defence_good_opportunities_of_investment-54016981-1333-1.html
15800000,8.0,Islamabad,3,4,"Oleander Sector - DHA Homes Block A, DHA Valley - Oleander Sector",House,,,1,1,2,1,https://www.zameen.com/Property/dha_valley_oleander_sector_oleander_sector_-_dha_homes_block_a_dha_7_valley_dha_home_8_marla_double_storey_for_sale_outstanding_location_good_opportunity_of_investment_dha_defence-54021764-16792-1.html
15000000,7.0,Islamabad,3,3,"Gulshan-e-Sehat 1, E-18",House,2023,4,2,2,2,1,https://www.zameen.com/Property/e_18_gulshan-e-sehat_1_7_marla_single_storey_house_for_sale_e-18_gulshan-e-sehat_islamabad-54113685-3258-1.html
142500000,20.0,Islamabad,5,6,"DHA Defence Phase 2, DHA Defence",House,2025,3,2,2,2,1,https://www.zameen.com/Property/dha_defence_dha_defence_phase_2_architecture_5_beds_solid_construction_bungalow_for_sale-52405997-339-1.html
87000000,12.0,Islamabad,6,6,"E-11, Islamabad",House,,2,1,,2,1,https://www.zameen.com/Property/islamabad_e-11_beautiful_location_house_for_sale-54139168-329-1.html
35000000,7.0,Islamabad,6,7,"Gulberg Residencia - Block L, Gulberg Residencia",House,2025,2,,,1,1,https://www.zameen.com/Property/gulberg_residencia_gulberg_residencia_-_block_l_gulberg_residence_block_l_7_marla_house_available_for_sale_near_to_d_markaz_high_class_location_avaible_in_investor_price-54139254-9122-1.html
65000000,10.0,Islamabad,0,0,"MPCHS - Block E, MPCHS - Multi Gardens",House,2020,10,,,,,https://www.zameen.com/Property/mpchs_multi_gardens_mpchs_-_block_e_house_for_sale_in_mpchs_-_block_e-54143106-3120-1.html
42500000,8.0,Islamabad,6,6,"PHAF Officers Residencia, Kuri Road",House,,,,,,,https://www.zameen.com/Property/kuri_road_phaf_officers_residencia_deziner_house_available_for_sale_in_pha_officer_residenshia_kurii_road_islamabad-54181129-13099-1.html
67000000,12.0,Islamabad,6,6,"Jinnah Gardens Phase 1, Jinnah Gardens",House,,,,,,1,https://www.zameen.com/Property/jinnah_gardens_jinnah_gardens_phase_1_luxury_house_for_sale-54171053-1421-1.html
130000000,20.0,Islamabad,8,0,"MPCHS - Block B Extension 1, MPCHS - Multi Gardens",House,2026,4,2,1,3,1,https://www.zameen.com/Property/mpchs_multi_gardens_mpchs_-_block_b_extension_1_1kanal_main_double_road_corner_luxury_house_for_sale_multi_garden_b_17_islamabad-53920777-16519-1.html
115000000,20.0,Islamabad,8,0,"MPCHS - Block A, MPCHS - Multi Gardens",House,2026,4,1,1,2,1,https://www.zameen.com/Property/mpchs_multi_gardens_mpchs_-_block_a_1_kanal_brand_new_designer_luxury_house_corner_for_sale_b_17_islamabad-53921541-3116-1.html
53000000,20.0,Islamabad,6,7,"E-17/3, E-17",House,2026,3,,,,,https://www.zameen.com/Property/e_17_e-17_3_1_kanal_house_available_in_noc_approved_project_e-17_3-54240349-3255-1.html
280000000,20.0,Islamabad,5,5,"F-7, Islamabad",House,,4,2,2,2,1,https://www.zameen.com/Property/islamabad_f-7_investor_price_house_available_for_sale_in_f7-54145651-165-1.html
600000000,72.0,Islamabad,8,0,"F-8, Islamabad",House,2023,5,2,2,2,1,https://www.zameen.com/Property/islamabad_f-8_prime_location_house_available_for_sale_in_f8-50571053-166-1.html
42500000,7.0,Islamabad,6,6,"Gulberg Residencia - Block C, Gulberg Residencia",House,2026,2,1,2,3,1,https://www.zameen.com/Property/gulberg_residencia_gulberg_residencia_-_block_c_7_marla_luxury_house_available_for_sale-54129733-9114-1.html
24000000,6.0,Islamabad,5,5,"H-13, Islamabad",House,,,,,,1,https://www.zameen.com/Property/islamabad_h-13_h-13_6_marla_house_up_for_sale-54189507-1039-1.html
44500000,10.0,Islamabad,5,6,"Bahria Enclave - Sector M, Bahria Enclave",House,2024,,1,,2,1,https://www.zameen.com/Property/bahria_enclave_bahria_enclave_-_sector_m_10_marla_house_for_sale_in_bahria_enclave_islamabad-53797402-11977-1.html
34000000,7.0,Islamabad,5,6,"CBR Town Phase 1 - Block D, CBR Town Phase 1",House,2019,2,1,1,2,1,https://www.zameen.com/Property/cbr_town_phase_1_cbr_town_phase_1_-_block_d_7_marla_house_for_sale_in_cbr_town_phase_1_block_d-54188907-3150-1.html
285000000,20.0,Islamabad,5,5,"F-7, Islamabad",House,2010,4,1,1,1,1,https://www.zameen.com/Property/islamabad_f-7_house_for_sale_500_sq_yards_livable-54142549-165-1.html
33000000,8.0,Islamabad,4,5,"G-15, Islamabad",House,,2,1,2,2,1,https://www.zameen.com/Property/islamabad_g-15_8_marla_double_unit_designer_house_for_sale_in_g15_islamabad-54062474-764-1.html
75000000,20.0,Islamabad,6,6,"G-16, Islamabad",House,2025,5,1,2,2,2,https://www.zameen.com/Property/islamabad_g-16_1_kanal_double_unit_designer_house_for_sale_in_g-16_islamabad-54191691-580-1.html
41000000,7.0,Islamabad,6,7,"Jinnah Gardens, FECHS",House,,,,,2,1,https://www.zameen.com/Property/fechs_jinnah_gardens_7_marla_house_for_sale_corner_lop_approved_premium_construction-54133709-1420-1.html
64000000,12.0,Islamabad,6,7,"PWD Housing Society - Block A, PWD Housing Scheme",House,,3,,,2,1,https://www.zameen.com/Property/pwd_housing_scheme_pwd_housing_society_-_block_a_12_marla_luxury_house_for_sale_strong_structure_premium_finishes_ready_to_move-53332391-15004-1.html
35000000,10.0,Islamabad,0,0,"Eighteen, Kashmir Highway",House,,,,,,1,https://www.zameen.com/Property/kashmir_highway_eighteen_urgent_sale_10_marla_golf_course_facing_main_road_villa-54213822-12602-1.html
180000000,24.0,Islamabad,7,6,"G-14/4, G-14",House,2026,11,2,2,2,1,https://www.zameen.com/Property/g_14_g-14_4_60_100_24_marla_brand_new_house_available_for_sale_in_g14_4_rent_value_6_lakh-54249092-3346-1.html
133000000,20.0,Islamabad,5,6,"DHA Defence Phase 2, DHA Defence",House,2025,2,1,1,2,1,https://www.zameen.com/Property/dha_defence_dha_defence_phase_2_1_kanal_modern_house_for_sale_dha_phase_2_islamabad-53730145-339-1.html
320000000,40.0,Islamabad,8,6,"DHA Defence Phase 2, DHA Defence",House,2026,,1,2,2,1,https://www.zameen.com/Property/dha_defence_dha_defence_phase_2_2_kanal_luxury_house_for_sale_in_dha_phase_2_islamabad-53730142-339-1.html
155000000,10.0,Islamabad,5,5,"D-12/3, D-12",House,,,,,,1,https://www.zameen.com/Property/d_12_d-12_3_your_dream_10_marla_house_is_available_in_d-12_3-54194288-3156-1.html
53000000,5.0,Islamabad,3,3,"D-12, Islamabad",House,,,,,,1,https://www.zameen.com/Property/islamabad_d-12_house_available_in_d-12_for_sale-54194275-160-1.html
65000000,5.0,Islamabad,4,4,"D-12/4, D-12",House,,,,,,1,https://www.zameen.com/Property/d_12_d-12_4_beautifully_constructed_house_is_available_for_sale_in_d-12_4-54076104-3157-1.html
138000000,20.0,Islamabad,5,6,"DHA Defence Phase 2, DHA Defence",House,2026,2,2,2,2,1,https://www.zameen.com/Property/dha_defence_dha_defence_phase_2_1_kanal_modern_luxury_house_for_sale_in_dha_phase_2_islamabad-54104923-339-1.html
63500000,6.0,Islamabad,4,4,"G-9/4, G-9",House,,1,1,,1,1,https://www.zameen.com/Property/g_9_g-9_4_reasonably-priced_prime_location_6_marla_house_in_g-9_4_islamabad_is_available_as_of_now-54033338-3387-1.html
47500000,9.0,Islamabad,7,6,"Gulberg Residencia - Block L, Gulberg Residencia",House,,,1,,2,1,https://www.zameen.com/Property/gulberg_residencia_gulberg_residencia_-_block_l_a_corner_9_marla_house_located_in_gulberg_residencia_-_block_l_is_available_for_sale-54233968-9122-1.html
32000000,10.0,Islamabad,5,5,"Top City 1 - Block A, Top City 1",House,,,1,,2,2,https://www.zameen.com/Property/top_city_1_top_city_1_-_block_a_grey_structure_house_for_sale-53622631-9231-1.html
49900000,10.0,Islamabad,5,5,"Faisal Town - F-18, Islamabad",House,,2,,,,2,https://www.zameen.com/Property/islamabad_faisal_town_-_f-18_reserve_a_prime_location_house_now_in_faisal_town_-_f-18-54235823-8260-1.html
87500000,20.0,Islamabad,6,6,"DHA Defence Phase 2, DHA Defence",House,,,,,,,https://www.zameen.com/Property/dha_defence_dha_defence_phase_2_excellent_used_one_kanal_house_in_dha_2_islamabad_in_very_reasonable_price-54193005-339-1.html
42500000,10.0,Islamabad,6,6,"MPCHS - Block C, MPCHS - Multi Gardens",House,,,,,,1,https://www.zameen.com/Property/mpchs_multi_gardens_mpchs_-_block_c_renovated_house_for_sale-54116937-3118-1.html
400000000,26.0,Islamabad,7,0,"F-8, Islamabad",House,2023,5,2,2,2,1,https://www.zameen.com/Property/islamabad_f-8_beautiful_house_with_extra_land_available_for_sale-50724939-166-1.html
650000000,36.0,Islamabad,9,0,"F-8, Islamabad",House,,7,3,2,2,1,https://www.zameen.com/Property/islamabad_f-8_brand_new_house_available_for_sale_in_f8-53153257-166-1.html
67500000,7.0,Islamabad,5,6,"G-13, Islamabad",House,2026,,,1,2,2,https://www.zameen.com/Property/islamabad_g-13_g-13_30x60_brand_new_double_storey_house_available-54209153-330-1.html
37000000,13.0,Islamabad,5,5,"Tarlai, Islamabad",House,2025,,1,,2,1,https://www.zameen.com/Property/islamabad_tarlai_house_is_available_for_sale-52158549-1144-1.html
129000000,20.0,Islamabad,7,6,"DHA Defence Phase 2, DHA Defence",House,2024,4,2,2,2,1,https://www.zameen.com/Property/dha_defence_dha_defence_phase_2_for_sale_brand_new_corner_07_beds_luxurious_01_kanal_house_dha_phase_2_islamabad-51538082-339-1.html
105000000,14.0,Islamabad,6,6,"G-10/4, G-10",House,2009,2,1,1,2,1,https://www.zameen.com/Property/g_10_g-10_4_g-10_4_house_for_sale_14_marla_40_80_margalla_facing-53316121-3327-1.html
130000000,10.0,Islamabad,5,5,"D-12/1, D-12",House,2026,,1,,2,1,https://www.zameen.com/Property/d_12_d-12_1_exquisite_brand_new_10_marla_bungalow-54168675-3154-1.html
105000000,20.0,Islamabad,5,5,"DHA Defence Phase 5, DHA Defence",House,2025,2,2,,,1,https://www.zameen.com/Property/dha_defence_dha_defence_phase_5_1_kanal_house_for_sale_dha_phase_2_islamabad-53730140-10991-1.html
105000000,20.0,Islamabad,6,6,"DHA Defence Phase 2, DHA Defence",House,,,2,,2,1,https://www.zameen.com/Property/dha_defence_dha_defence_phase_2_luxurious_1_kanal_house_for_sale_in_dha_phase_2_islamabad-51900928-339-1.html
62000000,10.0,Islamabad,5,7,"DHA Defence Phase 2, DHA Defence",House,,1,,,,1,https://www.zameen.com/Property/dha_defence_dha_defence_phase_2_get_in_touch_now_to_buy_a_prime_location_house_in_dha_phase_2-52069855-339-1.html
98500000,20.0,Islamabad,6,7,"DHA Defence Phase 2, DHA Defence",House,2024,2,,,1,1,https://www.zameen.com/Property/dha_defence_dha_defence_phase_2_well-constructed_corner_brand_new_house_available_for_sale_in_dha_2-52070671-339-1.html
150000000,20.0,Islamabad,6,5,"DHA Defence Phase 2, DHA Defence",House,2024,2,2,,,1,https://www.zameen.com/Property/dha_defence_dha_defence_phase_2_luxury_1_kanal_house_for_sale_in_dha_phase_2_prime_location-52112002-339-1.html
15000000,5.0,Islamabad,3,3,"Chatha Bakhtawar, Islamabad",House,2026,3,1,1,2,1,https://www.zameen.com/Property/islamabad_chatha_bakhtawar_5_marla_single_storey_brand_new_house_for_sale_islamabad-53870091-3153-1.html
28500000,5.0,Islamabad,3,4,"Park View - Block B, Park View City",House,2025,4,2,1,2,1,https://www.zameen.com/Property/park_view_city_park_view_-_block_b_5_marla_new_house_for_sale-54186493-16862-1.html
38000000,7.0,Islamabad,5,6,"G-16/4, G-16",House,2026,,1,1,2,1,https://www.zameen.com/Property/g_16_g-16_4_7_marla_brand_new_2_storey_house_for_sale_g-15_islamabad-54235221-3355-1.html
240000000,20.0,Islamabad,4,5,"F-8, Islamabad",House,,,,,,1,https://www.zameen.com/Property/islamabad_f-8_old_house_is_for_sale_in_f-8-53612669-166-1.html
4000000,5.0,Islamabad,0,0,"Oleander Sector - DHA Homes, DHA Valley - Oleander Sector",House,,,,,,1,https://www.zameen.com/Property/dha_valley_oleander_sector_oleander_sector_-_dha_homes_dha_valley_-_oleander_sector_dha_home_islamabad_-_house_for_sale-54132774-16825-1.html
145000000,20.0,Islamabad,5,6,"DHA Phase 2 - Sector B, DHA Defence Phase 2",House,2026,3,1,1,2,1,https://www.zameen.com/Property/dha_defence_phase_2_dha_phase_2_-_sector_b_luxurious_designer_single_unit_house-54221751-3197-1.html
139000000,20.0,Islamabad,5,6,"DHA Defence Phase 2, DHA Defence",House,2026,3,2,2,2,1,https://www.zameen.com/Property/dha_defence_dha_defence_phase_2_1-kanal_designer_house_for_sale_at_prime_location_70feet_wide_street-54147796-339-1.html
139000000,20.0,Islamabad,5,6,"DHA Defence Phase 2, DHA Defence",House,2026,3,2,2,2,1,https://www.zameen.com/Property/dha_defence_dha_defence_phase_2_dha_2_one_kanal_brand_new_luxurious_designer_furnished_house-54059995-339-1.html
700000000,40.0,Islamabad,5,5,"F-8, Islamabad",House,2021,6,,,,,https://www.zameen.com/Property/islamabad_f-8_prime_location_on_marrgalla_road_1000sqyds_in_coming_rent_5000_only_serious_buyers--54169872-166-1.html
33000000,7.0,Islamabad,5,6,"Jinnah Gardens Phase 1, Jinnah Gardens",House,2026,2,1,8,2,1,https://www.zameen.com/Property/jinnah_gardens_jinnah_gardens_phase_1_house_for_sale_in_islamabad_pakistan_7_marla_brand_new_house_for_sale_in_islamabad_8_marla_house_for_sale_in_islamabad-53843682-1421-1.html
1000000000,42.0,Islamabad,8,6,"F-6/4, F-6",House,2025,6,3,2,3,1,https://www.zameen.com/Property/f_6_f-6_4_f-6_brand_new_house_for_sale-53583049-3302-1.html
53000000,10.0,Islamabad,5,6,"Top City 1, Islamabad",House,2026,2,1,1,2,1,https://www.zameen.com/Property/islamabad_top_city_1_top_city_10_marla_brand_new_modern_designing_house_available_for_sale_park_face_and_near_to_masjid-54238234-1383-1.html
102000000,20.0,Islamabad,6,6,"DHA Defence Phase 1, DHA Defence",House,2026,3,2,2,2,2,https://www.zameen.com/Property/dha_defence_dha_defence_phase_1_prime_loc_brand_new_out_class_finishing_kanal_house_avail_for_sale-54238143-376-1.html
900000000,72.0,Islamabad,10,0,"F-8, Islamabad",House,2024,,2,2,2,1,https://www.zameen.com/Property/islamabad_f-8_luxurious_10_bed_house_in_f-8_prime_location_cda_transfer_price_90_crore-49707362-166-1.html
350000000,32.0,Islamabad,6,6,"F-8, Islamabad",House,2021,5,2,2,2,1,https://www.zameen.com/Property/islamabad_f-8_livable_house_with_extra_land_prime_location_available_for_sale-50063801-166-1.html
67500000,14.2,Islamabad,6,6,"Jinnah Gardens Phase 1, Jinnah Gardens",House,2026,4,1,1,2,1,https://www.zameen.com/Property/jinnah_gardens_jinnah_gardens_phase_1_brind_new_double_storey_house_for_sale_cda_approved-54240438-1421-1.html
60000000,8.0,Islamabad,5,6,"G-14/3, G-14",House,2026,,,,,1,https://www.zameen.com/Property/g_14_g-14_3_ultra_luxury_brand_new_house_for_sale_g-14_3-54213221-3345-1.html
34500000,7.0,Islamabad,4,6,"Gulberg Residencia - Block L, Gulberg Residencia",House,2025,,1,1,,1,https://www.zameen.com/Property/gulberg_residencia_gulberg_residencia_-_block_l_7_marla_brand_new_double_unit_house_for_sale_in_gulberg_residencia_block_l_ideal_for_primimium_living_ideal_for_rental_income-54204387-9122-1.html
105000000,20.0,Islamabad,6,6,"Top City 1, Islamabad",House,2026,4,1,1,2,1,https://www.zameen.com/Property/islamabad_top_city_1_1_kanal_size_designer_double_storey_house_available_for_sale_in_topcity-1_islamabad-54109197-1383-1.html
18800000,5.0,Islamabad,3,4,"MPCHS - Multi Gardens, B-17",House,,1,1,1,1,1,https://www.zameen.com/Property/b_17_mpchs_-_multi_gardens_mpchs_multi_gardens_b-17_islamabad_5_marla_brand_new_house_available_for_sale_f_block_b-17-53734279-3115-1.html
155000000,20.0,Islamabad,6,6,"G-13, Islamabad",House,2026,4,2,2,2,1,https://www.zameen.com/Property/islamabad_g-13_50_90_20_marla_brand_new_house_available_for_sale_in_g13_rent_value_4_lakh-54249036-330-1.html
127500000,20.0,Islamabad,5,6,"DHA Defence Phase 2, DHA Defence",House,2026,3,,,2,1,https://www.zameen.com/Property/dha_defence_dha_defence_phase_2_1_kanal_beautiful_design_furnished_house_for_sale_in_dha_2_islamabad-54248969-339-1.html
70000000,8.0,Islamabad,5,6,"G-13, Islamabad",House,2026,2,2,2,2,1,https://www.zameen.com/Property/islamabad_g-13_30_60_8_marla_brand_new_house_available_for_sale_in_g13_rent_value_2_lakh-54248968-330-1.html
31500000,8.0,Islamabad,5,6,"F-17, Islamabad",House,2026,2,1,1,2,1,https://www.zameen.com/Property/islamabad_f-17_8_marla_luxury_new_house_for_sale_multi_f-17_islamabad_all_facility_available_cda_pproved-54187347-335-1.html
42500000,4.0,Islamabad,4,5,"G-13/1, G-13",House,,,1,,1,1,https://www.zameen.com/Property/g_13_g-13_1_4_marla_brand_new_house_for_sale_in_g13-53574286-3337-1.html
41000000,4.0,Islamabad,5,5,"G-13/1, G-13",House,,,,,,1,https://www.zameen.com/Property/g_13_g-13_1_4_marla_brand_new_double_storey_house_available_for_sale_in_g-13-53574262-3337-1.html
1500000000,100.0,Islamabad,0,0,"F-6, Islamabad",House,2025,5,1,1,1,1,https://www.zameen.com/Property/islamabad_f-6_f-6_islamabad_buy_residential_property_in_prime_location-54248891-164-1.html
43000000,4.0,Islamabad,5,5,"G-13/1, G-13",House,,,1,,2,,https://www.zameen.com/Property/g_13_g-13_1_4_marla_brand_new_house_for_sale_in_g13-53574125-3337-1.html
38000000,4.0,Islamabad,2,3,"F-10/3, F-10",House,2005,,1,1,3,1,https://www.zameen.com/Property/f_10_f-10_3_cda_sector_f-10_3_20_40_triple_storey_2-bedroom_house_for_sale-54123605-3278-1.html
78000000,10.0,Islamabad,5,5,"G-10/1, G-10",House,2010,,,,2,1,https://www.zameen.com/Property/g_10_g-10_1_cda_sector_g-10_1_35_70_10_marla_double_storey_house_for_sale-53937736-3324-1.html
78000000,10.0,Islamabad,5,7,"DHA Phase 5 - Sector J, DHA Defence Phase 5",House,2026,,1,1,2,1,https://www.zameen.com/Property/dha_defence_phase_5_dha_phase_5_-_sector_j_designer_10_marla_house_for_sale_sector_j_dha_phase_5_islamabad-54133050-17389-1.html
37500000,4.5,Islamabad,4,5,"G-13, Islamabad",House,,,,,,1,https://www.zameen.com/Property/islamabad_g-13_owner_built_used_house_for_sale_in_g13_1_islamabad_with_solar_and_gas_connection-54075148-330-1.html
15500000,8.0,Islamabad,3,4,"Oleander Sector - DHA Homes Block A, DHA Valley - Oleander Sector",House,2024,1,,2,2,1,https://www.zameen.com/Property/dha_valley_oleander_sector_oleander_sector_-_dha_homes_block_a_home_for_sale_8_marla-52718181-16792-1.html
38500000,3.6,Islamabad,4,3,"F-10/3, F-10",House,,,,,,,https://www.zameen.com/Property/f_10_f-10_3_new_house_2040_sector_f-10_3_sale_best_rent_location_vip-54249521-3278-1.html
15000000,5.0,Islamabad,3,4,"Bani Gala, Islamabad",House,2026,1,2,2,1,1,https://www.zameen.com/Property/islamabad_bani_gala_5_marla_house_for_sale_in_bani_gala_bani_gala-54225047-340-1.html
42000000,20.0,Islamabad,5,6,"Wapda Town Islamabad, C-19",House,2024,3,1,1,2,2,https://www.zameen.com/Property/c_19_wapda_town_islamabad_1_kanal_house_for_sale_in_islamabad-54154672-428-1.html
30000000,20.0,Islamabad,0,0,"Athal, Islamabad",House,,,,,,,https://www.zameen.com/Property/islamabad_athal_house_of_20_marla_available_for_sale_in_athal-54126994-10148-1.html
22000000,5.0,Islamabad,5,5,"Bahria Enclave, Bahria Town",House,1995,2,1,1,2,1,https://www.zameen.com/Property/bahria_town_bahria_enclave_5_marla_corner_house_near_bahria_enclave_beautifully_located_on_malot_road_5_spacious_bedrooms_with_attached_bathrooms_2_modern_kitchens_and_mumty_store_room_on_rooftop_situated_on_a_60_ft_wide_road_for_easy_access_electricity_meter_installed_water_boring_available-54204751-1705-1.html
380000000,36.0,Islamabad,8,0,"F-8, Islamabad",House,2024,5,1,2,2,1,https://www.zameen.com/Property/islamabad_f-8_magnificent_8-bed_residence_in_prime_f-8_location_-_cda_transfer-49706648-166-1.html
360000000,36.0,Islamabad,7,0,"F-8, Islamabad",House,2024,,3,1,3,1,https://www.zameen.com/Property/islamabad_f-8_exquisite_7-bed_home_in_exclusive_f-8_locale_-_cda_transfer-49706763-166-1.html
128000000,20.0,Islamabad,5,7,"DHA Defence Phase 2, DHA Defence",House,2025,3,2,1,3,1,https://www.zameen.com/Property/dha_defence_dha_defence_phase_2_brand_new_designer_elevated_bungalow_available_for_sale-52751379-339-1.html
55000000,10.0,Islamabad,5,6,"Top City 1, Islamabad",House,2026,4,,,2,1,https://www.zameen.com/Property/islamabad_top_city_1_new_10_marla_house_in_top_city-54230743-1383-1.html
110000000,20.0,Islamabad,5,6,"DHA Defence Phase 5, DHA Defence",House,,,1,,2,1,https://www.zameen.com/Property/dha_defence_dha_defence_phase_5_brand_new_house_for_sale_noginatible_price-54132644-10991-1.html
61000000,14.0,Islamabad,4,6,"Zaraj Housing Scheme, Islamabad",House,2026,2,,,,1,https://www.zameen.com/Property/islamabad_zaraj_housing_scheme_14_marla_modern_designer_house_in_zaraj_housing_scheme-54208064-3508-1.html
59000000,10.0,Islamabad,5,5,"Zaraj Housing Scheme, Islamabad",House,2024,2,1,1,2,1,https://www.zameen.com/Property/islamabad_zaraj_housing_scheme_10_marla_brand_new_designer_house_is_available_for_sale_in_zaraj_housing_society_islamabad-45017628-3508-1.html
42500000,4.0,Islamabad,5,5,"G-13/1, G-13",House,,,1,,1,1,https://www.zameen.com/Property/g_13_g-13_1_4_marla_brand_new_double_story_house_for_sale_g-13-53574228-3337-1.html
92500000,10.0,Islamabad,6,6,"G-13, Islamabad",House,,,,,2,,https://www.zameen.com/Property/islamabad_g-13_10_marla_ultra-modern_designer_street_corner_house_for_sale_-g13_islamabad-53999542-330-1.html
54500000,7.0,Islamabad,4,4,"G-14, Islamabad",House,2026,2,1,,2,1,https://www.zameen.com/Property/islamabad_g-14_7_marla_brand_new_house_for_sale_in_g-14_islamabad-54156109-454-1.html
125000000,14.0,Islamabad,6,6,"G-13, Islamabad",House,2026,4,2,2,2,1,https://www.zameen.com/Property/islamabad_g-13_40_80_14marla_brand_new_house_available_for_sale_in_g13_rent_value_3_5_lakh-54248884-330-1.html
45000000,5.0,Islamabad,5,6,"G-14/4, G-14",House,,,,,2,2,https://www.zameen.com/Property/g_14_g-14_4_solid_built_house_priced_right_located_perfectly-54188120-3346-1.html
55000000,7.0,Islamabad,6,6,"G-14/4, G-14",House,,,1,,2,1,https://www.zameen.com/Property/g_14_g-14_4_built_strong_priced_right_and_ideally_located-54192170-3346-1.html
35000000,5.0,Islamabad,4,5,"Park View - Block H, Park View City",House,,,1,1,2,1,https://www.zameen.com/Property/park_view_city_park_view_-_block_h_park_view_-_block_h_house_sized_5_marla_is_available-54207682-16868-1.html
45000000,17.0,Islamabad,10,6,"Sohan Valley, Islamabad",House,2020,4,3,1,3,1,https://www.zameen.com/Property/islamabad_sohan_valley_house_for_sale_sohan-53963497-1243-1.html
145000000,24.0,Islamabad,4,4,"G-10/3, G-10",House,2023,30,2,2,2,1,https://www.zameen.com/Property/g_10_g-10_3_50_90_proper_corner_house_for_sale_in_g10_3-53223638-3326-1.html
